-- phpMyAdmin SQL Dump
-- version 5.1.1
-- https://www.phpmyadmin.net/
--
-- Hôte : localhost:8889
-- Généré le : mar. 27 sep. 2022 à 07:46
-- Version du serveur : 5.7.34
-- Version de PHP : 7.4.21

SET SQL_MODE = "NO_AUTO_VALUE_ON_ZERO";
START TRANSACTION;
SET time_zone = "+00:00";


/*!40101 SET @OLD_CHARACTER_SET_CLIENT=@@CHARACTER_SET_CLIENT */;
/*!40101 SET @OLD_CHARACTER_SET_RESULTS=@@CHARACTER_SET_RESULTS */;
/*!40101 SET @OLD_COLLATION_CONNECTION=@@COLLATION_CONNECTION */;
/*!40101 SET NAMES utf8mb4 */;

--
-- Base de données : `annuaire-php`
--

-- --------------------------------------------------------

--
-- Structure de la table `annuaire_php_admin_log`
--

CREATE TABLE `annuaire_php_admin_log` (
  `id_Alog` int(11) NOT NULL,
  `log` varchar(200) CHARACTER SET ucs2 NOT NULL,
  `info_log` varchar(200) CHARACTER SET ucs2 NOT NULL,
  `date_log` datetime NOT NULL
) ENGINE=InnoDB DEFAULT CHARSET=utf8;

-- --------------------------------------------------------

--
-- Structure de la table `annuaire_php_admin_logcx`
--

CREATE TABLE `annuaire_php_admin_logcx` (
  `id_logCx` int(11) NOT NULL,
  `etat_logCx` varchar(5) NOT NULL,
  `logCx` varchar(100) NOT NULL,
  `date_logCx` datetime NOT NULL
) ENGINE=InnoDB DEFAULT CHARSET=utf8;

-- --------------------------------------------------------

--
-- Structure de la table `annuaire_php_admin_user`
--

CREATE TABLE `annuaire_php_admin_user` (
  `id_Auser` int(11) NOT NULL,
  `nom_user` varchar(100) NOT NULL,
  `prenom_user` varchar(100) NOT NULL,
  `aph_user` int(10) NOT NULL,
  `mail_user` varchar(200) NOT NULL,
  `password_user` varchar(255) NOT NULL,
  `actif_user` binary(1) NOT NULL DEFAULT '1',
  `createur_user` int(10) NOT NULL,
  `modificateur_user` int(10) NOT NULL,
  `date_crea_user` datetime NOT NULL,
  `date_modif_user` datetime NOT NULL
) ENGINE=InnoDB DEFAULT CHARSET=utf8;

--
-- Déchargement des données de la table `annuaire_php_admin_user`
--

INSERT INTO `annuaire_php_admin_user` (`id_Auser`, `nom_user`, `prenom_user`, `aph_user`, `mail_user`, `password_user`, `actif_user`, `createur_user`, `modificateur_user`, `date_crea_user`, `date_modif_user`) VALUES
(1, 'DUPONT', 'Jean', 700700, 'jean.dupont@nck.aphp.fr', 'ab4f63f9ac65152575886860dde480a1', 0x31, 7003490, 0, '2014-06-30 11:22:14', '1970-01-01 00:00:00');

-- --------------------------------------------------------

--
-- Structure de la table `annuaire_php_exploit_abonne`
--

CREATE TABLE `annuaire_php_exploit_abonne` (
  `id_Eabonne` int(11) NOT NULL,
  `type_ab` varchar(20) CHARACTER SET ucs2 NOT NULL,
  `id_Pcivilite` int(11) NOT NULL,
  `nom_ab` varchar(100) NOT NULL,
  `prenom_personne` varchar(100) NOT NULL,
  `aph_personne` int(10) NOT NULL,
  `id_Pfonction` int(11) NOT NULL,
  `id_Plocalisation` int(11) NOT NULL,
  `photo_personne` blob NOT NULL,
  `ordre_ab` int(11) NOT NULL DEFAULT '999999999',
  `actif_ab` binary(1) NOT NULL DEFAULT '1',
  `createur_ab` int(10) NOT NULL,
  `modificateur_ab` int(10) NOT NULL,
  `date_crea_ab` datetime NOT NULL,
  `date_modif_ab` datetime NOT NULL
) ENGINE=InnoDB DEFAULT CHARSET=utf8;

--
-- Déchargement des données de la table `annuaire_php_exploit_abonne`
--

INSERT INTO `annuaire_php_exploit_abonne` (`id_Eabonne`, `type_ab`, `id_Pcivilite`, `nom_ab`, `prenom_personne`, `aph_personne`, `id_Pfonction`, `id_Plocalisation`, `photo_personne`, `ordre_ab`, `actif_ab`, `createur_ab`, `modificateur_ab`, `date_crea_ab`, `date_modif_ab`) VALUES
(1, 'Personne', 4, 'STARK', 'Tony', 0, 1, 1, 0xffd8ffe000104a46494600010200000100010000ffdb0043000503040404030504040405050506070c08070707070f0a0b090c110f1212110f111013161c1713141a1510111821181a1c1d1f1f1f13172224221e241c1e1f1effdb0043010505050706070e08080e1e1411141e1e1e1e1e1e1e1e1e1e1e1e1e1e1e1e1e1e1e1e1e1e1e1e1e1e1e1e1e1e1e1e1e1e1e1e1e1e1e1e1e1e1e1e1e1e1e1e1e1effc00011080064006403012200021101031101ffc4001f0000010501010101010100000000000000000102030405060708090a0bffc400b5100002010303020403050504040000017d01020300041105122131410613516107227114328191a1082342b1c11552d1f02433627282090a161718191a25262728292a3435363738393a434445464748494a535455565758595a636465666768696a737475767778797a838485868788898a92939495969798999aa2a3a4a5a6a7a8a9aab2b3b4b5b6b7b8b9bac2c3c4c5c6c7c8c9cad2d3d4d5d6d7d8d9dae1e2e3e4e5e6e7e8e9eaf1f2f3f4f5f6f7f8f9faffc4001f0100030101010101010101010000000000000102030405060708090a0bffc400b51100020102040403040705040400010277000102031104052131061241510761711322328108144291a1b1c109233352f0156272d10a162434e125f11718191a262728292a35363738393a434445464748494a535455565758595a636465666768696a737475767778797a82838485868788898a92939495969798999aa2a3a4a5a6a7a8a9aab2b3b4b5b6b7b8b9bac2c3c4c5c6c7c8c9cad2d3d4d5d6d7d8d9dae2e3e4e5e6e7e8e9eaf2f3f4f5f6f7f8f9faffda000c03010002110311003f00fa7852834dcd2e6bc847b0c7834530b003248005797f8e3e24a47e75ae8d202884a34e3f8c8e0edf6f7ef4a5351576385394dd91e83ab6bba5696a4dede4511033b49e7f2ae5ae7e286831b95896690038ce0015e1d7fa9dd5fcad24d33bb31cf27355638a4624648feb5c52c6db63d3a796dd6acfa06c3e24e8172e1646921cf7600ff2aeb2c2f6d6fa1135a4e92a1eea735f284d1cb19e33c77ad5f0e78a756d12e964b5b974c1e549f94fd45694f18a5a322ae5ce2af13ea03d29a6b8cf0378f6c75e115add15b7bd7c851fc3211d87bfb5764d5d89a6ae8f31a7176634d30d3d8d46698d1d17867fe3c24ffaea7f90a293c31ff1e0ff00f5d4ff0021457a14be0479b5be366196a4dd5196a697af2cf56c72bf17f5b9748f055d35bc9b2e2e71044de9bba9fcb35f3bdd4fb628a25270140c7b57abfed117bb6d34db4c9f9a432601f4e3fad78e926475f5ae3c43e87a3828adcd9d2c2c9c373f8d6c410444f06b2748b46902e08e6b6bfb3a68fe78dc1ec6bcd51773d96fb11dcdaa107e61cf4c8ac9bcb2550cc0e0e3b56b49677937cb19031d78e0d51d4ed2785081cfaf356912fccc7b3bbb8b5998432b24a30f13a9c157539523f115f50f83357feddf0ae9bab1c6fb8815a4c7187e8c3f306be50b9775b853dd4f35f457c0c9cc9f0eecd3b472caa39cff00193fd6bd6c2b6e27818f8a53ba3ba634c2682d4c66aeab1c299d2f85ff00e3c24ffaea7f90a293c2a73a7c9ff5d4ff00214577d2f811e756f8d9cd3103bd41757115bc0f3cce123452ccc7a002867ae6fe22de1b5f09de32ff0018087e84f35e54e5cb16cf6211e7928f73c93e2bf896cbc4b7e25b282f1e0b440a1d5464e4b6588273b785e7fda15e677b7370f6cee1d6da3ce58e4eec0fc31fad6edc388ee1159701c11f5068b5b08a6448962de8148c7a9ae3f6aaca4d1e92a0e32708bd0e556ef523225b5a6a66177230b2298d8e7a1cf419aecbc297da8db3470cd71f69670394712679cf6fad4aba0113c57ab68bf698c0114858657afb7bd55fb0bc5a9dbc49b8307265707000c1c8c8ea4e4539d5a738d91a53a13a72e6bdcddd6755d42d9248e089c4a0f53c01c77fcab8897c45e26064178f6cf183d558647e5d6b5b51b76975b58107ee9a138073f7f23fa1e2a9df787eddefe2ba6816328a03447857206016079efd8f34e8fb38af789af1ab3778f4f3332defe532b2de4d1107957de2be98f80d95f0042c4821ee2565fa671fd2be6e834c68e1785dda51d402c4e3d073d6bbcf828d750789b4db74bcbb481642648bce250920f007403a71f5f5aea84e09dd1c15a954968fa5d9f49139a8d8d34b534b57558e0e63abf091ce9d27fd763fc968a6f83ce74c97febb1ffd0568aeca7f0a382a7c6ce419eb0bc696ff006df0ddf5b742d09233ed5aecd55aef6ba3230cab0c107b8af2e51bab1eb464d4933e62d41a432a8900dc878c0e31818ad0d2953ce50402377a56b7c42f0d5e69174f72d1ab5a4b3ed8df773c827a573b6536c39279af3a70718d8f6a9558ce7cc8eaaea4410655886ff7ab9c81cc970e57180dcf3533dd623fde3f2dc28acd4b892ddcac708955989621be603ae715928b91d729463a96f532d15ec520e376318f5ae8a3293425a461b88e491deb97d535086f12dd6385c347f2e71c1f7fe55a497656146cf0c3b9ef5b72b4918a92726ca3aaedb777f2caf27ae39af42f813a42cb7536a8c32b00dabfef9ce4fe00ff00e3d5e5fab4a65b808a73b8815f427c25d34e9be0db55789a3966dd2b861c9c9e0fe4057761a9dddd9e4636adae975d0ec0b7bd34b534b530b57758f2ee765e0a39d2a5ff00aee7ff00415a29be07e74997febb9ffd0568ae986c8e59fc4ce299aabcc69ccf5048f5e7347a7739af88f642fbc2f7002ee68889178efd3fad781acc3cc8d4923e6c30f4afa56f5e15b794dc1410ec3e6163f2edc739f6af97f5fd434cbad66f2e74797ccb169dd627c7deda48cfd0d73d6a57d4eac355e576276ba11cac24dfb81ebb4900559d3ae6d2790aa5c465f1d0f19fa66ab42ed7110f461fad47cdb38f32d23957ebfe3d2b18a57b1de9ab5e4cd0be11c65434d1860325438cfe55545e3842b9254f23eb5527863b9c81a78854f24902a0bb96ded20010609e073d2b5e5be86339286a9e8769f08ec46a9e3cb1f323f323811a7704640c0f949ff8115afa4a3011315e41fb3adb696749bcbf82ee39b52925097510e1add47dd523df39cf43d3b57ae1615e9528724123c4ad539e6d8e634c66a633d46cdef55622e775e0339d225ffaf83ffa0ad14df87e73a34dff005f0dff00a0ad15bc7639a7f133cfde4a85e402b98f1578ebc31e1b05756d5e08a5ed0a1f324ffbe57247e35e27f123e3949ab69b2e99e1ab6b8b1497e592e6560242bdc2819db9f5c93f4ae354dc8ef9548c4d1fda0be242dd093c25e1fb80eacdb2f6643c31ff009e60ff003fcbd6b27c61a045a2da699a5db81b534e8f2c06373f259bf13cfe35e43a7c9bb53b6690923ce42d9f4dc335f40f8f6292e34ed2ef187dc56858fa13cafe94b134f969e9d0783a9cd575ea79ce9baab5a0d932b10bd0fa7d6b5e1f11daece5d41cf422a85f59a07df818279aac9a54728250fe15c4b91eacf49fb58e88d3b8d62075770ea01e9eff004ac5467bdbf0cd908bc81e829df60863271f3355fd2ed957712bf8d5de3157445a536b98b8faeea5e00d7f42f14e924795a85b34775093859cc7210c0ffc04a60f635f45f827e20f86bc5b6304ba76a302dd48b97b39240b3211d46dea7ea38af97fe294dbbc1be181b703cdba65fa0703fa579e89991b72b152391835e9c229c11e2d495aa4bd4fd0632534c95f18f847e2b78cfc3c624b7d5a4bbb543ff1ef77fbd423d327e603e8457a3e89fb44c9909ad787d187f149693107fef96ffe2a9f2b05347d87f0e8e74498ff00d3cb7fe82b4573ff00b3ef8af4af18f8227d5b48694c2b7cf0baca9b591c47192a7b7461d091cd156b63293bb3cfe6fd91be1d4cecf2f883c60ccc7249bcb724ff00e40a60fd90be1a818fedcf16ff00e05dbfff0018a28a62157f643f86cac1975cf17020e47fa55bff00f18aeeaefe09f852eb4afece9aff005968f0a03f9d16f0571839f2f19e3d3bd14567515d1ad16d4b4325ff00675f043a6d6d4fc4047fd7c43ffc6aa38bf66ef0346c4a6a9e2219edf6887ff8d514570a847b1e93a92ee347ecd7e04049fed4f11124e7fe3e21ff00e35522fece5e0858ca0d57c4401ea7ed10e7ff004551453708f6129cadb95fc47fb33780f5db0d32caef56f1247169d1ba43e55c400b6e3925b311c9c8ed8ac33fb207c353ff0031cf177fe05dbfff0018a28af423b23cb9fc4c17f640f86a3a6b9e2eff00c0ab7ffe314e1fb21fc361ff0031cf16ff00e055bfff0018a28a641eabf087e1ce89f0c7c3571a068375a8dcdadc5e35e33dec88ee1d911080511463118edebcd1451401ffd9, 1, 0x31, 7003490, 0, '2014-06-16 14:36:40', '1970-01-01 00:00:00'),
(2, 'Personne', 3, 'ROMANOFF', 'Natasha', 0, 2, 2, 0xffd8ffe000104a46494600010100000100010000ffdb008400090607080706090807080a0a090b0d160f0d0c0c0d1b14151016201d2222201d1f1f2428342c242631271f1f2d3d2d3135373a3a3a232b3f443f384334393a37010a0a0a0d0c0d1a0f0f1a37251f253737373737373737373737373737373737373737373737373737373737373737373737373737373737373737373737373737ffc0001108005a005a03012200021101031101ffc4001b00000203010101000000000000000000000004030506020107ffc4003b100001030301030709060700000000000001000203040511311221510613142241617132525481919293c1d11642535582b1152334437273a1ffc4001501010100000000000000000000000000000001ffc40014110100000000000000000000000000000000ffda000c03010002110311003f00fb8a10840286aaa61a481f3d4c8d8e260cb9ce3a29966277ff0018bb48e93ad4344fd88d9d92ca3571ee1a209ba7dd2e9d6a16b68694f9334ccda91e3886e8078ae859a77ef96f37373b8b650d1ec013f19cea9a6631bd414c692ef47d6a3b9f4903fb558c073fa86f4e5aef0cac95d4b5113a96b5832e81e7391c5a7ef04d4aaaaed47d3236ba27f375509da8251ab1df43daa8be4246cb5e2e36f8ea0b7624ded959e63c6e213c804210804210821ad94c1473cc358e373bd832b3762673569a46ea5d1edb8f12ede7f75a5aa8b9fa6961fc4639bed18596b2ca5d6ba70edcf8c734f07b0b776141751bf453b6448324dca4126ed5034f7a5e47ae0c9dea273f3b9073c9f3cdddeed00f20ba3980ef70dffb2d02cff26c73d71bad50f20bd90b4ff80dff00f4ad02a0421080421083c24341248006f24ac4c95f4f0dd6a6a298486d950f1b736cf51b2e84b78838de78ab6a990df2a248838b6d70bb6642d38352f1ab73e60ede298a8a464d173618d11e3644606e0386140ae71820e41d08ed5eed9487f0cafa1245be56ba1fc09f25a3c0ea11d22e4ddcfb41278b276e103fb44aafbbdc0d142e6c20beaded258c68c968ed711c02f766f151d56410d1b4eae2ee71feaec4edb6d0da32e932e7ccfdef95e72e720b2e4ec74b159e9db45289a2d9cf383efb8ea4f7e5592cd4f0becf33ee36e61301df594add08ed7b0711dbc56869e68ea2164d0bc3e37b439ae1da15122108402abe50d44b15088298ecd4553c411bbcdceaef50c9568a96ec737cb634e8d8e7907880d1f328248228e9a18e9e06ecc51376183b829d8919a7e6c318cdf24870df99f52723eab40ce8a061b8ed5200de03d8a06b975b4a8edd81a00a2715eb9ca37141c976cbb21256522df739ed83fa791bd229479a09c39a3c0eff005a9e49035ed69fbda78a4ebcf375969a91e532af99fd2f690541a34210a8167eff0050ca7aeb7d5bcf52190b243c18f1827da02d02ce728a9ccb19046411823b9073131cfb94cf9348bf96cfaab06b9672db76e8710a6b8b642c66e8ea1a0b881c1c353e2ada2b8dba41965c693f54a1a7d8541621cbdda498ada2f4fa3f8edfaaf7a7517e6147f1dbf540d9728dce4b9aea2fcc28fe3b7eab9756d0819370a3c7fbda820bd173689d2b3ca8dc1df2f9a5cd4f49a8b3c2773ccbd25e3cd6b41033e24ae2bef741cd3e2a5cd6cae180d6b7a83c49ecf0515869a67d5baaaa0edcf21eb380dc0701dc8368d3900af57318c3405d2a050d440d95b8705321052cb658dcec80a07727a9dfe5c4c778b42d0a10673ecd527a3c7ee047d9aa4f478fdc0b468419cfb3549e8f1fb817a39374834823f702d12105132c71b7186803b82b1a4a26403aa138840210841fffd9, 4, 0x31, 7003490, 0, '2014-06-16 14:36:40', '1970-01-01 00:00:00'),
(3, 'Personne', 4, 'Rogers', 'Steve', 0, 2, 4, 0xffd8ffe000104a46494600010100000100010000ffdb008400090607080706090807080a0a090b0d160f0d0c0c0d1b14151016201d2222201d1f1f2428342c242631271f1f2d3d2d3135373a3a3a232b3f443f384334393a37010a0a0a0d0c0d1a0f0f1a37251f253737373737373737373737373737373737373737373737373737373737373737373737373737373737373737373737373737ffc0001108005a005a03012200021101031101ffc4001b00000203010101000000000000000000000004030506020107ffc4003b100001030301030709060700000000000001000203040511311221510613142241617132525481919293c1d11642535582b1152334437273a1ffc4001501010100000000000000000000000000000001ffc40014110100000000000000000000000000000000ffda000c03010002110311003f00fb8a10840286aaa61a481f3d4c8d8e260cb9ce3a29966277ff0018bb48e93ad4344fd88d9d92ca3571ee1a209ba7dd2e9d6a16b68694f9334ccda91e3886e8078ae859a77ef96f37373b8b650d1ec013f19cea9a6631bd414c692ef47d6a3b9f4903fb558c073fa86f4e5aef0cac95d4b5113a96b5832e81e7391c5a7ef04d4aaaaed47d3236ba27f375509da8251ab1df43daa8be4246cb5e2e36f8ea0b7624ded959e63c6e213c804210804210821ad94c1473cc358e373bd832b3762673569a46ea5d1edb8f12ede7f75a5aa8b9fa6961fc4639bed18596b2ca5d6ba70edcf8c734f07b0b776141751bf453b6448324dca4126ed5034f7a5e47ae0c9dea273f3b9073c9f3cdddeed00f20ba3980ef70dffb2d02cff26c73d71bad50f20bd90b4ff80dff00f4ad02a0421080421083c24341248006f24ac4c95f4f0dd6a6a298486d950f1b736cf51b2e84b78838de78ab6a990df2a248838b6d70bb6642d38352f1ab73e60ede298a8a464d173618d11e3644606e0386140ae71820e41d08ed5eed9487f0cafa1245be56ba1fc09f25a3c0ea11d22e4ddcfb41278b276e103fb44aafbbdc0d142e6c20beaded258c68c968ed711c02f766f151d56410d1b4eae2ee71feaec4edb6d0da32e932e7ccfdef95e72e720b2e4ec74b159e9db45289a2d9cf383efb8ea4f7e5592cd4f0becf33ee36e61301df594add08ed7b0711dbc56869e68ea2164d0bc3e37b439ae1da15122108402abe50d44b15088298ecd4553c411bbcdceaef50c9568a96ec737cb634e8d8e7907880d1f328248228e9a18e9e06ecc51376183b829d8919a7e6c318cdf24870df99f52723eab40ce8a061b8ed5200de03d8a06b975b4a8edd81a00a2715eb9ca37141c976cbb21256522df739ed83fa791bd229479a09c39a3c0eff005a9e49035ed69fbda78a4ebcf375969a91e532af99fd2f690541a34210a8167eff0050ca7aeb7d5bcf52190b243c18f1827da02d02ce728a9ccb19046411823b9073131cfb94cf9348bf96cfaab06b9672db76e8710a6b8b642c66e8ea1a0b881c1c353e2ada2b8dba41965c693f54a1a7d8541621cbdda498ada2f4fa3f8edfaaf7a7517e6147f1dbf540d9728dce4b9aea2fcc28fe3b7eab9756d0819370a3c7fbda820bd173689d2b3ca8dc1df2f9a5cd4f49a8b3c2773ccbd25e3cd6b41033e24ae2bef741cd3e2a5cd6cae180d6b7a83c49ecf0515869a67d5baaaa0edcf21eb380dc0701dc8368d3900af57318c3405d2a050d440d95b8705321052cb658dcec80a07727a9dfe5c4c778b42d0a10673ecd527a3c7ee047d9aa4f478fdc0b468419cfb3549e8f1fb817a39374834823f702d12105132c71b7186803b82b1a4a26403aa138840210841fffd9, 999999999, 0x31, 7003490, 0, '2014-06-16 14:36:40', '1970-01-01 00:00:00'),
(4, 'Personne', 4, 'SELVIG', 'Erik', 0, 2, 4, 0xffd8ffe000104a46494600010100000100010000ffdb008400090607080706090807080a0a090b0d160f0d0c0c0d1b14151016201d2222201d1f1f2428342c242631271f1f2d3d2d3135373a3a3a232b3f443f384334393a37010a0a0a0d0c0d1a0f0f1a37251f253737373737373737373737373737373737373737373737373737373737373737373737373737373737373737373737373737ffc0001108005a005a03012200021101031101ffc4001b00000203010101000000000000000000000004030506020107ffc4003b100001030301030709060700000000000001000203040511311221510613142241617132525481919293c1d11642535582b1152334437273a1ffc4001501010100000000000000000000000000000001ffc40014110100000000000000000000000000000000ffda000c03010002110311003f00fb8a10840286aaa61a481f3d4c8d8e260cb9ce3a29966277ff0018bb48e93ad4344fd88d9d92ca3571ee1a209ba7dd2e9d6a16b68694f9334ccda91e3886e8078ae859a77ef96f37373b8b650d1ec013f19cea9a6631bd414c692ef47d6a3b9f4903fb558c073fa86f4e5aef0cac95d4b5113a96b5832e81e7391c5a7ef04d4aaaaed47d3236ba27f375509da8251ab1df43daa8be4246cb5e2e36f8ea0b7624ded959e63c6e213c804210804210821ad94c1473cc358e373bd832b3762673569a46ea5d1edb8f12ede7f75a5aa8b9fa6961fc4639bed18596b2ca5d6ba70edcf8c734f07b0b776141751bf453b6448324dca4126ed5034f7a5e47ae0c9dea273f3b9073c9f3cdddeed00f20ba3980ef70dffb2d02cff26c73d71bad50f20bd90b4ff80dff00f4ad02a0421080421083c24341248006f24ac4c95f4f0dd6a6a298486d950f1b736cf51b2e84b78838de78ab6a990df2a248838b6d70bb6642d38352f1ab73e60ede298a8a464d173618d11e3644606e0386140ae71820e41d08ed5eed9487f0cafa1245be56ba1fc09f25a3c0ea11d22e4ddcfb41278b276e103fb44aafbbdc0d142e6c20beaded258c68c968ed711c02f766f151d56410d1b4eae2ee71feaec4edb6d0da32e932e7ccfdef95e72e720b2e4ec74b159e9db45289a2d9cf383efb8ea4f7e5592cd4f0becf33ee36e61301df594add08ed7b0711dbc56869e68ea2164d0bc3e37b439ae1da15122108402abe50d44b15088298ecd4553c411bbcdceaef50c9568a96ec737cb634e8d8e7907880d1f328248228e9a18e9e06ecc51376183b829d8919a7e6c318cdf24870df99f52723eab40ce8a061b8ed5200de03d8a06b975b4a8edd81a00a2715eb9ca37141c976cbb21256522df739ed83fa791bd229479a09c39a3c0eff005a9e49035ed69fbda78a4ebcf375969a91e532af99fd2f690541a34210a8167eff0050ca7aeb7d5bcf52190b243c18f1827da02d02ce728a9ccb19046411823b9073131cfb94cf9348bf96cfaab06b9672db76e8710a6b8b642c66e8ea1a0b881c1c353e2ada2b8dba41965c693f54a1a7d8541621cbdda498ada2f4fa3f8edfaaf7a7517e6147f1dbf540d9728dce4b9aea2fcc28fe3b7eab9756d0819370a3c7fbda820bd173689d2b3ca8dc1df2f9a5cd4f49a8b3c2773ccbd25e3cd6b41033e24ae2bef741cd3e2a5cd6cae180d6b7a83c49ecf0515869a67d5baaaa0edcf21eb380dc0701dc8368d3900af57318c3405d2a050d440d95b8705321052cb658dcec80a07727a9dfe5c4c778b42d0a10673ecd527a3c7ee047d9aa4f478fdc0b468419cfb3549e8f1fb817a39374834823f702d12105132c71b7186803b82b1a4a26403aa138840210841fffd9, 4, 0x31, 7003490, 0, '2014-06-16 14:36:40', '1970-01-01 00:00:00'),
(5, 'Personne', 4, 'FURY', 'Nick', 0, 3, 5, 0xffd8ffe000104a46494600010100000100010000ffdb008400090607080706090807080a0a090b0d160f0d0c0c0d1b14151016201d2222201d1f1f2428342c242631271f1f2d3d2d3135373a3a3a232b3f443f384334393a37010a0a0a0d0c0d1a0f0f1a37251f253737373737373737373737373737373737373737373737373737373737373737373737373737373737373737373737373737ffc0001108005a005a03012200021101031101ffc4001b00000203010101000000000000000000000004030506020107ffc4003b100001030301030709060700000000000001000203040511311221510613142241617132525481919293c1d11642535582b1152334437273a1ffc4001501010100000000000000000000000000000001ffc40014110100000000000000000000000000000000ffda000c03010002110311003f00fb8a10840286aaa61a481f3d4c8d8e260cb9ce3a29966277ff0018bb48e93ad4344fd88d9d92ca3571ee1a209ba7dd2e9d6a16b68694f9334ccda91e3886e8078ae859a77ef96f37373b8b650d1ec013f19cea9a6631bd414c692ef47d6a3b9f4903fb558c073fa86f4e5aef0cac95d4b5113a96b5832e81e7391c5a7ef04d4aaaaed47d3236ba27f375509da8251ab1df43daa8be4246cb5e2e36f8ea0b7624ded959e63c6e213c804210804210821ad94c1473cc358e373bd832b3762673569a46ea5d1edb8f12ede7f75a5aa8b9fa6961fc4639bed18596b2ca5d6ba70edcf8c734f07b0b776141751bf453b6448324dca4126ed5034f7a5e47ae0c9dea273f3b9073c9f3cdddeed00f20ba3980ef70dffb2d02cff26c73d71bad50f20bd90b4ff80dff00f4ad02a0421080421083c24341248006f24ac4c95f4f0dd6a6a298486d950f1b736cf51b2e84b78838de78ab6a990df2a248838b6d70bb6642d38352f1ab73e60ede298a8a464d173618d11e3644606e0386140ae71820e41d08ed5eed9487f0cafa1245be56ba1fc09f25a3c0ea11d22e4ddcfb41278b276e103fb44aafbbdc0d142e6c20beaded258c68c968ed711c02f766f151d56410d1b4eae2ee71feaec4edb6d0da32e932e7ccfdef95e72e720b2e4ec74b159e9db45289a2d9cf383efb8ea4f7e5592cd4f0becf33ee36e61301df594add08ed7b0711dbc56869e68ea2164d0bc3e37b439ae1da15122108402abe50d44b15088298ecd4553c411bbcdceaef50c9568a96ec737cb634e8d8e7907880d1f328248228e9a18e9e06ecc51376183b829d8919a7e6c318cdf24870df99f52723eab40ce8a061b8ed5200de03d8a06b975b4a8edd81a00a2715eb9ca37141c976cbb21256522df739ed83fa791bd229479a09c39a3c0eff005a9e49035ed69fbda78a4ebcf375969a91e532af99fd2f690541a34210a8167eff0050ca7aeb7d5bcf52190b243c18f1827da02d02ce728a9ccb19046411823b9073131cfb94cf9348bf96cfaab06b9672db76e8710a6b8b642c66e8ea1a0b881c1c353e2ada2b8dba41965c693f54a1a7d8541621cbdda498ada2f4fa3f8edfaaf7a7517e6147f1dbf540d9728dce4b9aea2fcc28fe3b7eab9756d0819370a3c7fbda820bd173689d2b3ca8dc1df2f9a5cd4f49a8b3c2773ccbd25e3cd6b41033e24ae2bef741cd3e2a5cd6cae180d6b7a83c49ecf0515869a67d5baaaa0edcf21eb380dc0701dc8368d3900af57318c3405d2a050d440d95b8705321052cb658dcec80a07727a9dfe5c4c778b42d0a10673ecd527a3c7ee047d9aa4f478fdc0b468419cfb3549e8f1fb817a39374834823f702d12105132c71b7186803b82b1a4a26403aa138840210841fffd9, 4, 0x31, 7003490, 0, '2014-06-16 14:36:40', '1970-01-01 00:00:00'),
(6, 'Personne', 4, 'BARTON', 'Clint', 0, 3, 6, 0xffd8ffe000104a46494600010100000100010000ffdb008400090607080706090807080a0a090b0d160f0d0c0c0d1b14151016201d2222201d1f1f2428342c242631271f1f2d3d2d3135373a3a3a232b3f443f384334393a37010a0a0a0d0c0d1a0f0f1a37251f253737373737373737373737373737373737373737373737373737373737373737373737373737373737373737373737373737ffc0001108005a005a03012200021101031101ffc4001b00000203010101000000000000000000000004030506020107ffc4003b100001030301030709060700000000000001000203040511311221510613142241617132525481919293c1d11642535582b1152334437273a1ffc4001501010100000000000000000000000000000001ffc40014110100000000000000000000000000000000ffda000c03010002110311003f00fb8a10840286aaa61a481f3d4c8d8e260cb9ce3a29966277ff0018bb48e93ad4344fd88d9d92ca3571ee1a209ba7dd2e9d6a16b68694f9334ccda91e3886e8078ae859a77ef96f37373b8b650d1ec013f19cea9a6631bd414c692ef47d6a3b9f4903fb558c073fa86f4e5aef0cac95d4b5113a96b5832e81e7391c5a7ef04d4aaaaed47d3236ba27f375509da8251ab1df43daa8be4246cb5e2e36f8ea0b7624ded959e63c6e213c804210804210821ad94c1473cc358e373bd832b3762673569a46ea5d1edb8f12ede7f75a5aa8b9fa6961fc4639bed18596b2ca5d6ba70edcf8c734f07b0b776141751bf453b6448324dca4126ed5034f7a5e47ae0c9dea273f3b9073c9f3cdddeed00f20ba3980ef70dffb2d02cff26c73d71bad50f20bd90b4ff80dff00f4ad02a0421080421083c24341248006f24ac4c95f4f0dd6a6a298486d950f1b736cf51b2e84b78838de78ab6a990df2a248838b6d70bb6642d38352f1ab73e60ede298a8a464d173618d11e3644606e0386140ae71820e41d08ed5eed9487f0cafa1245be56ba1fc09f25a3c0ea11d22e4ddcfb41278b276e103fb44aafbbdc0d142e6c20beaded258c68c968ed711c02f766f151d56410d1b4eae2ee71feaec4edb6d0da32e932e7ccfdef95e72e720b2e4ec74b159e9db45289a2d9cf383efb8ea4f7e5592cd4f0becf33ee36e61301df594add08ed7b0711dbc56869e68ea2164d0bc3e37b439ae1da15122108402abe50d44b15088298ecd4553c411bbcdceaef50c9568a96ec737cb634e8d8e7907880d1f328248228e9a18e9e06ecc51376183b829d8919a7e6c318cdf24870df99f52723eab40ce8a061b8ed5200de03d8a06b975b4a8edd81a00a2715eb9ca37141c976cbb21256522df739ed83fa791bd229479a09c39a3c0eff005a9e49035ed69fbda78a4ebcf375969a91e532af99fd2f690541a34210a8167eff0050ca7aeb7d5bcf52190b243c18f1827da02d02ce728a9ccb19046411823b9073131cfb94cf9348bf96cfaab06b9672db76e8710a6b8b642c66e8ea1a0b881c1c353e2ada2b8dba41965c693f54a1a7d8541621cbdda498ada2f4fa3f8edfaaf7a7517e6147f1dbf540d9728dce4b9aea2fcc28fe3b7eab9756d0819370a3c7fbda820bd173689d2b3ca8dc1df2f9a5cd4f49a8b3c2773ccbd25e3cd6b41033e24ae2bef741cd3e2a5cd6cae180d6b7a83c49ecf0515869a67d5baaaa0edcf21eb380dc0701dc8368d3900af57318c3405d2a050d440d95b8705321052cb658dcec80a07727a9dfe5c4c778b42d0a10673ecd527a3c7ee047d9aa4f478fdc0b468419cfb3549e8f1fb817a39374834823f702d12105132c71b7186803b82b1a4a26403aa138840210841fffd9, 4, 0x31, 7003490, 0, '2014-06-16 14:36:40', '1970-01-01 00:00:00'),
(7, 'Personne', 4, 'HILL', 'Maria', 0, 4, 6, 0xffd8ffe000104a46494600010100000100010000ffdb008400090607080706090807080a0a090b0d160f0d0c0c0d1b14151016201d2222201d1f1f2428342c242631271f1f2d3d2d3135373a3a3a232b3f443f384334393a37010a0a0a0d0c0d1a0f0f1a37251f253737373737373737373737373737373737373737373737373737373737373737373737373737373737373737373737373737ffc0001108005a005a03012200021101031101ffc4001b00000203010101000000000000000000000004030506020107ffc4003b100001030301030709060700000000000001000203040511311221510613142241617132525481919293c1d11642535582b1152334437273a1ffc4001501010100000000000000000000000000000001ffc40014110100000000000000000000000000000000ffda000c03010002110311003f00fb8a10840286aaa61a481f3d4c8d8e260cb9ce3a29966277ff0018bb48e93ad4344fd88d9d92ca3571ee1a209ba7dd2e9d6a16b68694f9334ccda91e3886e8078ae859a77ef96f37373b8b650d1ec013f19cea9a6631bd414c692ef47d6a3b9f4903fb558c073fa86f4e5aef0cac95d4b5113a96b5832e81e7391c5a7ef04d4aaaaed47d3236ba27f375509da8251ab1df43daa8be4246cb5e2e36f8ea0b7624ded959e63c6e213c804210804210821ad94c1473cc358e373bd832b3762673569a46ea5d1edb8f12ede7f75a5aa8b9fa6961fc4639bed18596b2ca5d6ba70edcf8c734f07b0b776141751bf453b6448324dca4126ed5034f7a5e47ae0c9dea273f3b9073c9f3cdddeed00f20ba3980ef70dffb2d02cff26c73d71bad50f20bd90b4ff80dff00f4ad02a0421080421083c24341248006f24ac4c95f4f0dd6a6a298486d950f1b736cf51b2e84b78838de78ab6a990df2a248838b6d70bb6642d38352f1ab73e60ede298a8a464d173618d11e3644606e0386140ae71820e41d08ed5eed9487f0cafa1245be56ba1fc09f25a3c0ea11d22e4ddcfb41278b276e103fb44aafbbdc0d142e6c20beaded258c68c968ed711c02f766f151d56410d1b4eae2ee71feaec4edb6d0da32e932e7ccfdef95e72e720b2e4ec74b159e9db45289a2d9cf383efb8ea4f7e5592cd4f0becf33ee36e61301df594add08ed7b0711dbc56869e68ea2164d0bc3e37b439ae1da15122108402abe50d44b15088298ecd4553c411bbcdceaef50c9568a96ec737cb634e8d8e7907880d1f328248228e9a18e9e06ecc51376183b829d8919a7e6c318cdf24870df99f52723eab40ce8a061b8ed5200de03d8a06b975b4a8edd81a00a2715eb9ca37141c976cbb21256522df739ed83fa791bd229479a09c39a3c0eff005a9e49035ed69fbda78a4ebcf375969a91e532af99fd2f690541a34210a8167eff0050ca7aeb7d5bcf52190b243c18f1827da02d02ce728a9ccb19046411823b9073131cfb94cf9348bf96cfaab06b9672db76e8710a6b8b642c66e8ea1a0b881c1c353e2ada2b8dba41965c693f54a1a7d8541621cbdda498ada2f4fa3f8edfaaf7a7517e6147f1dbf540d9728dce4b9aea2fcc28fe3b7eab9756d0819370a3c7fbda820bd173689d2b3ca8dc1df2f9a5cd4f49a8b3c2773ccbd25e3cd6b41033e24ae2bef741cd3e2a5cd6cae180d6b7a83c49ecf0515869a67d5baaaa0edcf21eb380dc0701dc8368d3900af57318c3405d2a050d440d95b8705321052cb658dcec80a07727a9dfe5c4c778b42d0a10673ecd527a3c7ee047d9aa4f478fdc0b468419cfb3549e8f1fb817a39374834823f702d12105132c71b7186803b82b1a4a26403aa138840210841fffd9, 4, 0x31, 7003490, 0, '2014-06-16 14:36:40', '1970-01-01 00:00:00'),
(8, 'Personne', 4, 'BANNER', 'Bruce', 0, 3, 7, 0xffd8ffe000104a46494600010100000100010000ffdb008400090607080706090807080a0a090b0d160f0d0c0c0d1b14151016201d2222201d1f1f2428342c242631271f1f2d3d2d3135373a3a3a232b3f443f384334393a37010a0a0a0d0c0d1a0f0f1a37251f253737373737373737373737373737373737373737373737373737373737373737373737373737373737373737373737373737ffc0001108005a005a03012200021101031101ffc4001b00000203010101000000000000000000000004030506020107ffc4003b100001030301030709060700000000000001000203040511311221510613142241617132525481919293c1d11642535582b1152334437273a1ffc4001501010100000000000000000000000000000001ffc40014110100000000000000000000000000000000ffda000c03010002110311003f00fb8a10840286aaa61a481f3d4c8d8e260cb9ce3a29966277ff0018bb48e93ad4344fd88d9d92ca3571ee1a209ba7dd2e9d6a16b68694f9334ccda91e3886e8078ae859a77ef96f37373b8b650d1ec013f19cea9a6631bd414c692ef47d6a3b9f4903fb558c073fa86f4e5aef0cac95d4b5113a96b5832e81e7391c5a7ef04d4aaaaed47d3236ba27f375509da8251ab1df43daa8be4246cb5e2e36f8ea0b7624ded959e63c6e213c804210804210821ad94c1473cc358e373bd832b3762673569a46ea5d1edb8f12ede7f75a5aa8b9fa6961fc4639bed18596b2ca5d6ba70edcf8c734f07b0b776141751bf453b6448324dca4126ed5034f7a5e47ae0c9dea273f3b9073c9f3cdddeed00f20ba3980ef70dffb2d02cff26c73d71bad50f20bd90b4ff80dff00f4ad02a0421080421083c24341248006f24ac4c95f4f0dd6a6a298486d950f1b736cf51b2e84b78838de78ab6a990df2a248838b6d70bb6642d38352f1ab73e60ede298a8a464d173618d11e3644606e0386140ae71820e41d08ed5eed9487f0cafa1245be56ba1fc09f25a3c0ea11d22e4ddcfb41278b276e103fb44aafbbdc0d142e6c20beaded258c68c968ed711c02f766f151d56410d1b4eae2ee71feaec4edb6d0da32e932e7ccfdef95e72e720b2e4ec74b159e9db45289a2d9cf383efb8ea4f7e5592cd4f0becf33ee36e61301df594add08ed7b0711dbc56869e68ea2164d0bc3e37b439ae1da15122108402abe50d44b15088298ecd4553c411bbcdceaef50c9568a96ec737cb634e8d8e7907880d1f328248228e9a18e9e06ecc51376183b829d8919a7e6c318cdf24870df99f52723eab40ce8a061b8ed5200de03d8a06b975b4a8edd81a00a2715eb9ca37141c976cbb21256522df739ed83fa791bd229479a09c39a3c0eff005a9e49035ed69fbda78a4ebcf375969a91e532af99fd2f690541a34210a8167eff0050ca7aeb7d5bcf52190b243c18f1827da02d02ce728a9ccb19046411823b9073131cfb94cf9348bf96cfaab06b9672db76e8710a6b8b642c66e8ea1a0b881c1c353e2ada2b8dba41965c693f54a1a7d8541621cbdda498ada2f4fa3f8edfaaf7a7517e6147f1dbf540d9728dce4b9aea2fcc28fe3b7eab9756d0819370a3c7fbda820bd173689d2b3ca8dc1df2f9a5cd4f49a8b3c2773ccbd25e3cd6b41033e24ae2bef741cd3e2a5cd6cae180d6b7a83c49ecf0515869a67d5baaaa0edcf21eb380dc0701dc8368d3900af57318c3405d2a050d440d95b8705321052cb658dcec80a07727a9dfe5c4c778b42d0a10673ecd527a3c7ee047d9aa4f478fdc0b468419cfb3549e8f1fb817a39374834823f702d12105132c71b7186803b82b1a4a26403aa138840210841fffd9, 4, 0x31, 7003490, 0, '2014-06-16 14:36:40', '1970-01-01 00:00:00'),
(9, 'Personne', 4, 'COULSON', 'Phil', 0, 3, 8, 0xffd8ffe000104a46494600010100000100010000ffdb008400090607080706090807080a0a090b0d160f0d0c0c0d1b14151016201d2222201d1f1f2428342c242631271f1f2d3d2d3135373a3a3a232b3f443f384334393a37010a0a0a0d0c0d1a0f0f1a37251f253737373737373737373737373737373737373737373737373737373737373737373737373737373737373737373737373737ffc0001108005a005a03012200021101031101ffc4001b00000203010101000000000000000000000004030506020107ffc4003b100001030301030709060700000000000001000203040511311221510613142241617132525481919293c1d11642535582b1152334437273a1ffc4001501010100000000000000000000000000000001ffc40014110100000000000000000000000000000000ffda000c03010002110311003f00fb8a10840286aaa61a481f3d4c8d8e260cb9ce3a29966277ff0018bb48e93ad4344fd88d9d92ca3571ee1a209ba7dd2e9d6a16b68694f9334ccda91e3886e8078ae859a77ef96f37373b8b650d1ec013f19cea9a6631bd414c692ef47d6a3b9f4903fb558c073fa86f4e5aef0cac95d4b5113a96b5832e81e7391c5a7ef04d4aaaaed47d3236ba27f375509da8251ab1df43daa8be4246cb5e2e36f8ea0b7624ded959e63c6e213c804210804210821ad94c1473cc358e373bd832b3762673569a46ea5d1edb8f12ede7f75a5aa8b9fa6961fc4639bed18596b2ca5d6ba70edcf8c734f07b0b776141751bf453b6448324dca4126ed5034f7a5e47ae0c9dea273f3b9073c9f3cdddeed00f20ba3980ef70dffb2d02cff26c73d71bad50f20bd90b4ff80dff00f4ad02a0421080421083c24341248006f24ac4c95f4f0dd6a6a298486d950f1b736cf51b2e84b78838de78ab6a990df2a248838b6d70bb6642d38352f1ab73e60ede298a8a464d173618d11e3644606e0386140ae71820e41d08ed5eed9487f0cafa1245be56ba1fc09f25a3c0ea11d22e4ddcfb41278b276e103fb44aafbbdc0d142e6c20beaded258c68c968ed711c02f766f151d56410d1b4eae2ee71feaec4edb6d0da32e932e7ccfdef95e72e720b2e4ec74b159e9db45289a2d9cf383efb8ea4f7e5592cd4f0becf33ee36e61301df594add08ed7b0711dbc56869e68ea2164d0bc3e37b439ae1da15122108402abe50d44b15088298ecd4553c411bbcdceaef50c9568a96ec737cb634e8d8e7907880d1f328248228e9a18e9e06ecc51376183b829d8919a7e6c318cdf24870df99f52723eab40ce8a061b8ed5200de03d8a06b975b4a8edd81a00a2715eb9ca37141c976cbb21256522df739ed83fa791bd229479a09c39a3c0eff005a9e49035ed69fbda78a4ebcf375969a91e532af99fd2f690541a34210a8167eff0050ca7aeb7d5bcf52190b243c18f1827da02d02ce728a9ccb19046411823b9073131cfb94cf9348bf96cfaab06b9672db76e8710a6b8b642c66e8ea1a0b881c1c353e2ada2b8dba41965c693f54a1a7d8541621cbdda498ada2f4fa3f8edfaaf7a7517e6147f1dbf540d9728dce4b9aea2fcc28fe3b7eab9756d0819370a3c7fbda820bd173689d2b3ca8dc1df2f9a5cd4f49a8b3c2773ccbd25e3cd6b41033e24ae2bef741cd3e2a5cd6cae180d6b7a83c49ecf0515869a67d5baaaa0edcf21eb380dc0701dc8368d3900af57318c3405d2a050d440d95b8705321052cb658dcec80a07727a9dfe5c4c778b42d0a10673ecd527a3c7ee047d9aa4f478fdc0b468419cfb3549e8f1fb817a39374834823f702d12105132c71b7186803b82b1a4a26403aa138840210841fffd9, 4, 0x31, 7003490, 0, '2014-06-16 14:36:40', '1970-01-01 00:00:00'),
(10, 'Personne', 4, 'POTS', 'Pepper', 0, 3, 9, 0xffd8ffe000104a46494600010100000100010000ffdb008400090607080706090807080a0a090b0d160f0d0c0c0d1b14151016201d2222201d1f1f2428342c242631271f1f2d3d2d3135373a3a3a232b3f443f384334393a37010a0a0a0d0c0d1a0f0f1a37251f253737373737373737373737373737373737373737373737373737373737373737373737373737373737373737373737373737ffc0001108005a005a03012200021101031101ffc4001b00000203010101000000000000000000000004030506020107ffc4003b100001030301030709060700000000000001000203040511311221510613142241617132525481919293c1d11642535582b1152334437273a1ffc4001501010100000000000000000000000000000001ffc40014110100000000000000000000000000000000ffda000c03010002110311003f00fb8a10840286aaa61a481f3d4c8d8e260cb9ce3a29966277ff0018bb48e93ad4344fd88d9d92ca3571ee1a209ba7dd2e9d6a16b68694f9334ccda91e3886e8078ae859a77ef96f37373b8b650d1ec013f19cea9a6631bd414c692ef47d6a3b9f4903fb558c073fa86f4e5aef0cac95d4b5113a96b5832e81e7391c5a7ef04d4aaaaed47d3236ba27f375509da8251ab1df43daa8be4246cb5e2e36f8ea0b7624ded959e63c6e213c804210804210821ad94c1473cc358e373bd832b3762673569a46ea5d1edb8f12ede7f75a5aa8b9fa6961fc4639bed18596b2ca5d6ba70edcf8c734f07b0b776141751bf453b6448324dca4126ed5034f7a5e47ae0c9dea273f3b9073c9f3cdddeed00f20ba3980ef70dffb2d02cff26c73d71bad50f20bd90b4ff80dff00f4ad02a0421080421083c24341248006f24ac4c95f4f0dd6a6a298486d950f1b736cf51b2e84b78838de78ab6a990df2a248838b6d70bb6642d38352f1ab73e60ede298a8a464d173618d11e3644606e0386140ae71820e41d08ed5eed9487f0cafa1245be56ba1fc09f25a3c0ea11d22e4ddcfb41278b276e103fb44aafbbdc0d142e6c20beaded258c68c968ed711c02f766f151d56410d1b4eae2ee71feaec4edb6d0da32e932e7ccfdef95e72e720b2e4ec74b159e9db45289a2d9cf383efb8ea4f7e5592cd4f0becf33ee36e61301df594add08ed7b0711dbc56869e68ea2164d0bc3e37b439ae1da15122108402abe50d44b15088298ecd4553c411bbcdceaef50c9568a96ec737cb634e8d8e7907880d1f328248228e9a18e9e06ecc51376183b829d8919a7e6c318cdf24870df99f52723eab40ce8a061b8ed5200de03d8a06b975b4a8edd81a00a2715eb9ca37141c976cbb21256522df739ed83fa791bd229479a09c39a3c0eff005a9e49035ed69fbda78a4ebcf375969a91e532af99fd2f690541a34210a8167eff0050ca7aeb7d5bcf52190b243c18f1827da02d02ce728a9ccb19046411823b9073131cfb94cf9348bf96cfaab06b9672db76e8710a6b8b642c66e8ea1a0b881c1c353e2ada2b8dba41965c693f54a1a7d8541621cbdda498ada2f4fa3f8edfaaf7a7517e6147f1dbf540d9728dce4b9aea2fcc28fe3b7eab9756d0819370a3c7fbda820bd173689d2b3ca8dc1df2f9a5cd4f49a8b3c2773ccbd25e3cd6b41033e24ae2bef741cd3e2a5cd6cae180d6b7a83c49ecf0515869a67d5baaaa0edcf21eb380dc0701dc8368d3900af57318c3405d2a050d440d95b8705321052cb658dcec80a07727a9dfe5c4c778b42d0a10673ecd527a3c7ee047d9aa4f478fdc0b468419cfb3549e8f1fb817a39374834823f702d12105132c71b7186803b82b1a4a26403aa138840210841fffd9, 6, 0x31, 7003490, 0, '2014-06-16 14:36:40', '1970-01-01 00:00:00'),
(11, 'Personne', 4, 'CARTER', 'Peggy', 0, 3, 10, 0xffd8ffe000104a46494600010100000100010000ffdb008400090607080706090807080a0a090b0d160f0d0c0c0d1b14151016201d2222201d1f1f2428342c242631271f1f2d3d2d3135373a3a3a232b3f443f384334393a37010a0a0a0d0c0d1a0f0f1a37251f253737373737373737373737373737373737373737373737373737373737373737373737373737373737373737373737373737ffc0001108005a005a03012200021101031101ffc4001b00000203010101000000000000000000000004030506020107ffc4003b100001030301030709060700000000000001000203040511311221510613142241617132525481919293c1d11642535582b1152334437273a1ffc4001501010100000000000000000000000000000001ffc40014110100000000000000000000000000000000ffda000c03010002110311003f00fb8a10840286aaa61a481f3d4c8d8e260cb9ce3a29966277ff0018bb48e93ad4344fd88d9d92ca3571ee1a209ba7dd2e9d6a16b68694f9334ccda91e3886e8078ae859a77ef96f37373b8b650d1ec013f19cea9a6631bd414c692ef47d6a3b9f4903fb558c073fa86f4e5aef0cac95d4b5113a96b5832e81e7391c5a7ef04d4aaaaed47d3236ba27f375509da8251ab1df43daa8be4246cb5e2e36f8ea0b7624ded959e63c6e213c804210804210821ad94c1473cc358e373bd832b3762673569a46ea5d1edb8f12ede7f75a5aa8b9fa6961fc4639bed18596b2ca5d6ba70edcf8c734f07b0b776141751bf453b6448324dca4126ed5034f7a5e47ae0c9dea273f3b9073c9f3cdddeed00f20ba3980ef70dffb2d02cff26c73d71bad50f20bd90b4ff80dff00f4ad02a0421080421083c24341248006f24ac4c95f4f0dd6a6a298486d950f1b736cf51b2e84b78838de78ab6a990df2a248838b6d70bb6642d38352f1ab73e60ede298a8a464d173618d11e3644606e0386140ae71820e41d08ed5eed9487f0cafa1245be56ba1fc09f25a3c0ea11d22e4ddcfb41278b276e103fb44aafbbdc0d142e6c20beaded258c68c968ed711c02f766f151d56410d1b4eae2ee71feaec4edb6d0da32e932e7ccfdef95e72e720b2e4ec74b159e9db45289a2d9cf383efb8ea4f7e5592cd4f0becf33ee36e61301df594add08ed7b0711dbc56869e68ea2164d0bc3e37b439ae1da15122108402abe50d44b15088298ecd4553c411bbcdceaef50c9568a96ec737cb634e8d8e7907880d1f328248228e9a18e9e06ecc51376183b829d8919a7e6c318cdf24870df99f52723eab40ce8a061b8ed5200de03d8a06b975b4a8edd81a00a2715eb9ca37141c976cbb21256522df739ed83fa791bd229479a09c39a3c0eff005a9e49035ed69fbda78a4ebcf375969a91e532af99fd2f690541a34210a8167eff0050ca7aeb7d5bcf52190b243c18f1827da02d02ce728a9ccb19046411823b9073131cfb94cf9348bf96cfaab06b9672db76e8710a6b8b642c66e8ea1a0b881c1c353e2ada2b8dba41965c693f54a1a7d8541621cbdda498ada2f4fa3f8edfaaf7a7517e6147f1dbf540d9728dce4b9aea2fcc28fe3b7eab9756d0819370a3c7fbda820bd173689d2b3ca8dc1df2f9a5cd4f49a8b3c2773ccbd25e3cd6b41033e24ae2bef741cd3e2a5cd6cae180d6b7a83c49ecf0515869a67d5baaaa0edcf21eb380dc0701dc8368d3900af57318c3405d2a050d440d95b8705321052cb658dcec80a07727a9dfe5c4c778b42d0a10673ecd527a3c7ee047d9aa4f478fdc0b468419cfb3549e8f1fb817a39374834823f702d12105132c71b7186803b82b1a4a26403aa138840210841fffd9, 6, 0x31, 7003490, 0, '2014-06-16 14:36:40', '1970-01-01 00:00:00'),
(12, 'Personne', 4, 'MAXIMOFF', 'Pietro', 0, 3, 11, 0xffd8ffe000104a46494600010100000100010000ffdb008400090607080706090807080a0a090b0d160f0d0c0c0d1b14151016201d2222201d1f1f2428342c242631271f1f2d3d2d3135373a3a3a232b3f443f384334393a37010a0a0a0d0c0d1a0f0f1a37251f253737373737373737373737373737373737373737373737373737373737373737373737373737373737373737373737373737ffc0001108005a005a03012200021101031101ffc4001b00000203010101000000000000000000000004030506020107ffc4003b100001030301030709060700000000000001000203040511311221510613142241617132525481919293c1d11642535582b1152334437273a1ffc4001501010100000000000000000000000000000001ffc40014110100000000000000000000000000000000ffda000c03010002110311003f00fb8a10840286aaa61a481f3d4c8d8e260cb9ce3a29966277ff0018bb48e93ad4344fd88d9d92ca3571ee1a209ba7dd2e9d6a16b68694f9334ccda91e3886e8078ae859a77ef96f37373b8b650d1ec013f19cea9a6631bd414c692ef47d6a3b9f4903fb558c073fa86f4e5aef0cac95d4b5113a96b5832e81e7391c5a7ef04d4aaaaed47d3236ba27f375509da8251ab1df43daa8be4246cb5e2e36f8ea0b7624ded959e63c6e213c804210804210821ad94c1473cc358e373bd832b3762673569a46ea5d1edb8f12ede7f75a5aa8b9fa6961fc4639bed18596b2ca5d6ba70edcf8c734f07b0b776141751bf453b6448324dca4126ed5034f7a5e47ae0c9dea273f3b9073c9f3cdddeed00f20ba3980ef70dffb2d02cff26c73d71bad50f20bd90b4ff80dff00f4ad02a0421080421083c24341248006f24ac4c95f4f0dd6a6a298486d950f1b736cf51b2e84b78838de78ab6a990df2a248838b6d70bb6642d38352f1ab73e60ede298a8a464d173618d11e3644606e0386140ae71820e41d08ed5eed9487f0cafa1245be56ba1fc09f25a3c0ea11d22e4ddcfb41278b276e103fb44aafbbdc0d142e6c20beaded258c68c968ed711c02f766f151d56410d1b4eae2ee71feaec4edb6d0da32e932e7ccfdef95e72e720b2e4ec74b159e9db45289a2d9cf383efb8ea4f7e5592cd4f0becf33ee36e61301df594add08ed7b0711dbc56869e68ea2164d0bc3e37b439ae1da15122108402abe50d44b15088298ecd4553c411bbcdceaef50c9568a96ec737cb634e8d8e7907880d1f328248228e9a18e9e06ecc51376183b829d8919a7e6c318cdf24870df99f52723eab40ce8a061b8ed5200de03d8a06b975b4a8edd81a00a2715eb9ca37141c976cbb21256522df739ed83fa791bd229479a09c39a3c0eff005a9e49035ed69fbda78a4ebcf375969a91e532af99fd2f690541a34210a8167eff0050ca7aeb7d5bcf52190b243c18f1827da02d02ce728a9ccb19046411823b9073131cfb94cf9348bf96cfaab06b9672db76e8710a6b8b642c66e8ea1a0b881c1c353e2ada2b8dba41965c693f54a1a7d8541621cbdda498ada2f4fa3f8edfaaf7a7517e6147f1dbf540d9728dce4b9aea2fcc28fe3b7eab9756d0819370a3c7fbda820bd173689d2b3ca8dc1df2f9a5cd4f49a8b3c2773ccbd25e3cd6b41033e24ae2bef741cd3e2a5cd6cae180d6b7a83c49ecf0515869a67d5baaaa0edcf21eb380dc0701dc8368d3900af57318c3405d2a050d440d95b8705321052cb658dcec80a07727a9dfe5c4c778b42d0a10673ecd527a3c7ee047d9aa4f478fdc0b468419cfb3549e8f1fb817a39374834823f702d12105132c71b7186803b82b1a4a26403aa138840210841fffd9, 6, 0x31, 7003490, 0, '2014-06-16 14:36:40', '1970-01-01 00:00:00'),
(13, 'Personne', 3, 'MAXIMOFF', 'Wanda', 0, 3, 12, 0xffd8ffe000104a46494600010100000100010000ffdb008400090607080706090807080a0a090b0d160f0d0c0c0d1b14151016201d2222201d1f1f2428342c242631271f1f2d3d2d3135373a3a3a232b3f443f384334393a37010a0a0a0d0c0d1a0f0f1a37251f253737373737373737373737373737373737373737373737373737373737373737373737373737373737373737373737373737ffc0001108005a005a03012200021101031101ffc4001b00000203010101000000000000000000000004030506020107ffc4003b100001030301030709060700000000000001000203040511311221510613142241617132525481919293c1d11642535582b1152334437273a1ffc4001501010100000000000000000000000000000001ffc40014110100000000000000000000000000000000ffda000c03010002110311003f00fb8a10840286aaa61a481f3d4c8d8e260cb9ce3a29966277ff0018bb48e93ad4344fd88d9d92ca3571ee1a209ba7dd2e9d6a16b68694f9334ccda91e3886e8078ae859a77ef96f37373b8b650d1ec013f19cea9a6631bd414c692ef47d6a3b9f4903fb558c073fa86f4e5aef0cac95d4b5113a96b5832e81e7391c5a7ef04d4aaaaed47d3236ba27f375509da8251ab1df43daa8be4246cb5e2e36f8ea0b7624ded959e63c6e213c804210804210821ad94c1473cc358e373bd832b3762673569a46ea5d1edb8f12ede7f75a5aa8b9fa6961fc4639bed18596b2ca5d6ba70edcf8c734f07b0b776141751bf453b6448324dca4126ed5034f7a5e47ae0c9dea273f3b9073c9f3cdddeed00f20ba3980ef70dffb2d02cff26c73d71bad50f20bd90b4ff80dff00f4ad02a0421080421083c24341248006f24ac4c95f4f0dd6a6a298486d950f1b736cf51b2e84b78838de78ab6a990df2a248838b6d70bb6642d38352f1ab73e60ede298a8a464d173618d11e3644606e0386140ae71820e41d08ed5eed9487f0cafa1245be56ba1fc09f25a3c0ea11d22e4ddcfb41278b276e103fb44aafbbdc0d142e6c20beaded258c68c968ed711c02f766f151d56410d1b4eae2ee71feaec4edb6d0da32e932e7ccfdef95e72e720b2e4ec74b159e9db45289a2d9cf383efb8ea4f7e5592cd4f0becf33ee36e61301df594add08ed7b0711dbc56869e68ea2164d0bc3e37b439ae1da15122108402abe50d44b15088298ecd4553c411bbcdceaef50c9568a96ec737cb634e8d8e7907880d1f328248228e9a18e9e06ecc51376183b829d8919a7e6c318cdf24870df99f52723eab40ce8a061b8ed5200de03d8a06b975b4a8edd81a00a2715eb9ca37141c976cbb21256522df739ed83fa791bd229479a09c39a3c0eff005a9e49035ed69fbda78a4ebcf375969a91e532af99fd2f690541a34210a8167eff0050ca7aeb7d5bcf52190b243c18f1827da02d02ce728a9ccb19046411823b9073131cfb94cf9348bf96cfaab06b9672db76e8710a6b8b642c66e8ea1a0b881c1c353e2ada2b8dba41965c693f54a1a7d8541621cbdda498ada2f4fa3f8edfaaf7a7517e6147f1dbf540d9728dce4b9aea2fcc28fe3b7eab9756d0819370a3c7fbda820bd173689d2b3ca8dc1df2f9a5cd4f49a8b3c2773ccbd25e3cd6b41033e24ae2bef741cd3e2a5cd6cae180d6b7a83c49ecf0515869a67d5baaaa0edcf21eb380dc0701dc8368d3900af57318c3405d2a050d440d95b8705321052cb658dcec80a07727a9dfe5c4c778b42d0a10673ecd527a3c7ee047d9aa4f478fdc0b468419cfb3549e8f1fb817a39374834823f702d12105132c71b7186803b82b1a4a26403aa138840210841fffd9, 6, 0x31, 7003490, 0, '2014-06-16 14:36:40', '1970-01-01 00:00:00'),
(14, 'Personne', 3, 'RHODES', 'James', 0, 3, 13, 0xffd8ffe000104a46494600010100000100010000ffdb008400090607080706090807080a0a090b0d160f0d0c0c0d1b14151016201d2222201d1f1f2428342c242631271f1f2d3d2d3135373a3a3a232b3f443f384334393a37010a0a0a0d0c0d1a0f0f1a37251f253737373737373737373737373737373737373737373737373737373737373737373737373737373737373737373737373737ffc0001108005a005a03012200021101031101ffc4001b00000203010101000000000000000000000004030506020107ffc4003b100001030301030709060700000000000001000203040511311221510613142241617132525481919293c1d11642535582b1152334437273a1ffc4001501010100000000000000000000000000000001ffc40014110100000000000000000000000000000000ffda000c03010002110311003f00fb8a10840286aaa61a481f3d4c8d8e260cb9ce3a29966277ff0018bb48e93ad4344fd88d9d92ca3571ee1a209ba7dd2e9d6a16b68694f9334ccda91e3886e8078ae859a77ef96f37373b8b650d1ec013f19cea9a6631bd414c692ef47d6a3b9f4903fb558c073fa86f4e5aef0cac95d4b5113a96b5832e81e7391c5a7ef04d4aaaaed47d3236ba27f375509da8251ab1df43daa8be4246cb5e2e36f8ea0b7624ded959e63c6e213c804210804210821ad94c1473cc358e373bd832b3762673569a46ea5d1edb8f12ede7f75a5aa8b9fa6961fc4639bed18596b2ca5d6ba70edcf8c734f07b0b776141751bf453b6448324dca4126ed5034f7a5e47ae0c9dea273f3b9073c9f3cdddeed00f20ba3980ef70dffb2d02cff26c73d71bad50f20bd90b4ff80dff00f4ad02a0421080421083c24341248006f24ac4c95f4f0dd6a6a298486d950f1b736cf51b2e84b78838de78ab6a990df2a248838b6d70bb6642d38352f1ab73e60ede298a8a464d173618d11e3644606e0386140ae71820e41d08ed5eed9487f0cafa1245be56ba1fc09f25a3c0ea11d22e4ddcfb41278b276e103fb44aafbbdc0d142e6c20beaded258c68c968ed711c02f766f151d56410d1b4eae2ee71feaec4edb6d0da32e932e7ccfdef95e72e720b2e4ec74b159e9db45289a2d9cf383efb8ea4f7e5592cd4f0becf33ee36e61301df594add08ed7b0711dbc56869e68ea2164d0bc3e37b439ae1da15122108402abe50d44b15088298ecd4553c411bbcdceaef50c9568a96ec737cb634e8d8e7907880d1f328248228e9a18e9e06ecc51376183b829d8919a7e6c318cdf24870df99f52723eab40ce8a061b8ed5200de03d8a06b975b4a8edd81a00a2715eb9ca37141c976cbb21256522df739ed83fa791bd229479a09c39a3c0eff005a9e49035ed69fbda78a4ebcf375969a91e532af99fd2f690541a34210a8167eff0050ca7aeb7d5bcf52190b243c18f1827da02d02ce728a9ccb19046411823b9073131cfb94cf9348bf96cfaab06b9672db76e8710a6b8b642c66e8ea1a0b881c1c353e2ada2b8dba41965c693f54a1a7d8541621cbdda498ada2f4fa3f8edfaaf7a7517e6147f1dbf540d9728dce4b9aea2fcc28fe3b7eab9756d0819370a3c7fbda820bd173689d2b3ca8dc1df2f9a5cd4f49a8b3c2773ccbd25e3cd6b41033e24ae2bef741cd3e2a5cd6cae180d6b7a83c49ecf0515869a67d5baaaa0edcf21eb380dc0701dc8368d3900af57318c3405d2a050d440d95b8705321052cb658dcec80a07727a9dfe5c4c778b42d0a10673ecd527a3c7ee047d9aa4f478fdc0b468419cfb3549e8f1fb817a39374834823f702d12105132c71b7186803b82b1a4a26403aa138840210841fffd9, 6, 0x31, 7003490, 0, '2014-06-16 14:36:40', '1970-01-01 00:00:00'),
(15, 'Personne', 3, 'WILSON', 'Sam', 0, 3, 14, 0xffd8ffe000104a46494600010100000100010000ffdb008400090607080706090807080a0a090b0d160f0d0c0c0d1b14151016201d2222201d1f1f2428342c242631271f1f2d3d2d3135373a3a3a232b3f443f384334393a37010a0a0a0d0c0d1a0f0f1a37251f253737373737373737373737373737373737373737373737373737373737373737373737373737373737373737373737373737ffc0001108005a005a03012200021101031101ffc4001b00000203010101000000000000000000000004030506020107ffc4003b100001030301030709060700000000000001000203040511311221510613142241617132525481919293c1d11642535582b1152334437273a1ffc4001501010100000000000000000000000000000001ffc40014110100000000000000000000000000000000ffda000c03010002110311003f00fb8a10840286aaa61a481f3d4c8d8e260cb9ce3a29966277ff0018bb48e93ad4344fd88d9d92ca3571ee1a209ba7dd2e9d6a16b68694f9334ccda91e3886e8078ae859a77ef96f37373b8b650d1ec013f19cea9a6631bd414c692ef47d6a3b9f4903fb558c073fa86f4e5aef0cac95d4b5113a96b5832e81e7391c5a7ef04d4aaaaed47d3236ba27f375509da8251ab1df43daa8be4246cb5e2e36f8ea0b7624ded959e63c6e213c804210804210821ad94c1473cc358e373bd832b3762673569a46ea5d1edb8f12ede7f75a5aa8b9fa6961fc4639bed18596b2ca5d6ba70edcf8c734f07b0b776141751bf453b6448324dca4126ed5034f7a5e47ae0c9dea273f3b9073c9f3cdddeed00f20ba3980ef70dffb2d02cff26c73d71bad50f20bd90b4ff80dff00f4ad02a0421080421083c24341248006f24ac4c95f4f0dd6a6a298486d950f1b736cf51b2e84b78838de78ab6a990df2a248838b6d70bb6642d38352f1ab73e60ede298a8a464d173618d11e3644606e0386140ae71820e41d08ed5eed9487f0cafa1245be56ba1fc09f25a3c0ea11d22e4ddcfb41278b276e103fb44aafbbdc0d142e6c20beaded258c68c968ed711c02f766f151d56410d1b4eae2ee71feaec4edb6d0da32e932e7ccfdef95e72e720b2e4ec74b159e9db45289a2d9cf383efb8ea4f7e5592cd4f0becf33ee36e61301df594add08ed7b0711dbc56869e68ea2164d0bc3e37b439ae1da15122108402abe50d44b15088298ecd4553c411bbcdceaef50c9568a96ec737cb634e8d8e7907880d1f328248228e9a18e9e06ecc51376183b829d8919a7e6c318cdf24870df99f52723eab40ce8a061b8ed5200de03d8a06b975b4a8edd81a00a2715eb9ca37141c976cbb21256522df739ed83fa791bd229479a09c39a3c0eff005a9e49035ed69fbda78a4ebcf375969a91e532af99fd2f690541a34210a8167eff0050ca7aeb7d5bcf52190b243c18f1827da02d02ce728a9ccb19046411823b9073131cfb94cf9348bf96cfaab06b9672db76e8710a6b8b642c66e8ea1a0b881c1c353e2ada2b8dba41965c693f54a1a7d8541621cbdda498ada2f4fa3f8edfaaf7a7517e6147f1dbf540d9728dce4b9aea2fcc28fe3b7eab9756d0819370a3c7fbda820bd173689d2b3ca8dc1df2f9a5cd4f49a8b3c2773ccbd25e3cd6b41033e24ae2bef741cd3e2a5cd6cae180d6b7a83c49ecf0515869a67d5baaaa0edcf21eb380dc0701dc8368d3900af57318c3405d2a050d440d95b8705321052cb658dcec80a07727a9dfe5c4c778b42d0a10673ecd527a3c7ee047d9aa4f478fdc0b468419cfb3549e8f1fb817a39374834823f702d12105132c71b7186803b82b1a4a26403aa138840210841fffd9, 6, 0x31, 7003490, 0, '2014-06-16 14:36:40', '1970-01-01 00:00:00'),
(16, 'Personne', 4, 'BARTON', 'Laura', 0, 3, 15, 0xffd8ffe000104a46494600010100000100010000ffdb008400090607080706090807080a0a090b0d160f0d0c0c0d1b14151016201d2222201d1f1f2428342c242631271f1f2d3d2d3135373a3a3a232b3f443f384334393a37010a0a0a0d0c0d1a0f0f1a37251f253737373737373737373737373737373737373737373737373737373737373737373737373737373737373737373737373737ffc0001108005a005a03012200021101031101ffc4001b00000203010101000000000000000000000004030506020107ffc4003b100001030301030709060700000000000001000203040511311221510613142241617132525481919293c1d11642535582b1152334437273a1ffc4001501010100000000000000000000000000000001ffc40014110100000000000000000000000000000000ffda000c03010002110311003f00fb8a10840286aaa61a481f3d4c8d8e260cb9ce3a29966277ff0018bb48e93ad4344fd88d9d92ca3571ee1a209ba7dd2e9d6a16b68694f9334ccda91e3886e8078ae859a77ef96f37373b8b650d1ec013f19cea9a6631bd414c692ef47d6a3b9f4903fb558c073fa86f4e5aef0cac95d4b5113a96b5832e81e7391c5a7ef04d4aaaaed47d3236ba27f375509da8251ab1df43daa8be4246cb5e2e36f8ea0b7624ded959e63c6e213c804210804210821ad94c1473cc358e373bd832b3762673569a46ea5d1edb8f12ede7f75a5aa8b9fa6961fc4639bed18596b2ca5d6ba70edcf8c734f07b0b776141751bf453b6448324dca4126ed5034f7a5e47ae0c9dea273f3b9073c9f3cdddeed00f20ba3980ef70dffb2d02cff26c73d71bad50f20bd90b4ff80dff00f4ad02a0421080421083c24341248006f24ac4c95f4f0dd6a6a298486d950f1b736cf51b2e84b78838de78ab6a990df2a248838b6d70bb6642d38352f1ab73e60ede298a8a464d173618d11e3644606e0386140ae71820e41d08ed5eed9487f0cafa1245be56ba1fc09f25a3c0ea11d22e4ddcfb41278b276e103fb44aafbbdc0d142e6c20beaded258c68c968ed711c02f766f151d56410d1b4eae2ee71feaec4edb6d0da32e932e7ccfdef95e72e720b2e4ec74b159e9db45289a2d9cf383efb8ea4f7e5592cd4f0becf33ee36e61301df594add08ed7b0711dbc56869e68ea2164d0bc3e37b439ae1da15122108402abe50d44b15088298ecd4553c411bbcdceaef50c9568a96ec737cb634e8d8e7907880d1f328248228e9a18e9e06ecc51376183b829d8919a7e6c318cdf24870df99f52723eab40ce8a061b8ed5200de03d8a06b975b4a8edd81a00a2715eb9ca37141c976cbb21256522df739ed83fa791bd229479a09c39a3c0eff005a9e49035ed69fbda78a4ebcf375969a91e532af99fd2f690541a34210a8167eff0050ca7aeb7d5bcf52190b243c18f1827da02d02ce728a9ccb19046411823b9073131cfb94cf9348bf96cfaab06b9672db76e8710a6b8b642c66e8ea1a0b881c1c353e2ada2b8dba41965c693f54a1a7d8541621cbdda498ada2f4fa3f8edfaaf7a7517e6147f1dbf540d9728dce4b9aea2fcc28fe3b7eab9756d0819370a3c7fbda820bd173689d2b3ca8dc1df2f9a5cd4f49a8b3c2773ccbd25e3cd6b41033e24ae2bef741cd3e2a5cd6cae180d6b7a83c49ecf0515869a67d5baaaa0edcf21eb380dc0701dc8368d3900af57318c3405d2a050d440d95b8705321052cb658dcec80a07727a9dfe5c4c778b42d0a10673ecd527a3c7ee047d9aa4f478fdc0b468419cfb3549e8f1fb817a39374834823f702d12105132c71b7186803b82b1a4a26403aa138840210841fffd9, 10, 0x31, 7003490, 0, '2014-06-16 14:36:40', '1970-01-01 00:00:00');
INSERT INTO `annuaire_php_exploit_abonne` (`id_Eabonne`, `type_ab`, `id_Pcivilite`, `nom_ab`, `prenom_personne`, `aph_personne`, `id_Pfonction`, `id_Plocalisation`, `photo_personne`, `ordre_ab`, `actif_ab`, `createur_ab`, `modificateur_ab`, `date_crea_ab`, `date_modif_ab`) VALUES
(17, 'Personne', 4, 'CHO', 'Helen', 0, 3, 16, 0xffd8ffe000104a46494600010100000100010000ffdb008400090607080706090807080a0a090b0d160f0d0c0c0d1b14151016201d2222201d1f1f2428342c242631271f1f2d3d2d3135373a3a3a232b3f443f384334393a37010a0a0a0d0c0d1a0f0f1a37251f253737373737373737373737373737373737373737373737373737373737373737373737373737373737373737373737373737ffc0001108005a005a03012200021101031101ffc4001b00000203010101000000000000000000000004030506020107ffc4003b100001030301030709060700000000000001000203040511311221510613142241617132525481919293c1d11642535582b1152334437273a1ffc4001501010100000000000000000000000000000001ffc40014110100000000000000000000000000000000ffda000c03010002110311003f00fb8a10840286aaa61a481f3d4c8d8e260cb9ce3a29966277ff0018bb48e93ad4344fd88d9d92ca3571ee1a209ba7dd2e9d6a16b68694f9334ccda91e3886e8078ae859a77ef96f37373b8b650d1ec013f19cea9a6631bd414c692ef47d6a3b9f4903fb558c073fa86f4e5aef0cac95d4b5113a96b5832e81e7391c5a7ef04d4aaaaed47d3236ba27f375509da8251ab1df43daa8be4246cb5e2e36f8ea0b7624ded959e63c6e213c804210804210821ad94c1473cc358e373bd832b3762673569a46ea5d1edb8f12ede7f75a5aa8b9fa6961fc4639bed18596b2ca5d6ba70edcf8c734f07b0b776141751bf453b6448324dca4126ed5034f7a5e47ae0c9dea273f3b9073c9f3cdddeed00f20ba3980ef70dffb2d02cff26c73d71bad50f20bd90b4ff80dff00f4ad02a0421080421083c24341248006f24ac4c95f4f0dd6a6a298486d950f1b736cf51b2e84b78838de78ab6a990df2a248838b6d70bb6642d38352f1ab73e60ede298a8a464d173618d11e3644606e0386140ae71820e41d08ed5eed9487f0cafa1245be56ba1fc09f25a3c0ea11d22e4ddcfb41278b276e103fb44aafbbdc0d142e6c20beaded258c68c968ed711c02f766f151d56410d1b4eae2ee71feaec4edb6d0da32e932e7ccfdef95e72e720b2e4ec74b159e9db45289a2d9cf383efb8ea4f7e5592cd4f0becf33ee36e61301df594add08ed7b0711dbc56869e68ea2164d0bc3e37b439ae1da15122108402abe50d44b15088298ecd4553c411bbcdceaef50c9568a96ec737cb634e8d8e7907880d1f328248228e9a18e9e06ecc51376183b829d8919a7e6c318cdf24870df99f52723eab40ce8a061b8ed5200de03d8a06b975b4a8edd81a00a2715eb9ca37141c976cbb21256522df739ed83fa791bd229479a09c39a3c0eff005a9e49035ed69fbda78a4ebcf375969a91e532af99fd2f690541a34210a8167eff0050ca7aeb7d5bcf52190b243c18f1827da02d02ce728a9ccb19046411823b9073131cfb94cf9348bf96cfaab06b9672db76e8710a6b8b642c66e8ea1a0b881c1c353e2ada2b8dba41965c693f54a1a7d8541621cbdda498ada2f4fa3f8edfaaf7a7517e6147f1dbf540d9728dce4b9aea2fcc28fe3b7eab9756d0819370a3c7fbda820bd173689d2b3ca8dc1df2f9a5cd4f49a8b3c2773ccbd25e3cd6b41033e24ae2bef741cd3e2a5cd6cae180d6b7a83c49ecf0515869a67d5baaaa0edcf21eb380dc0701dc8368d3900af57318c3405d2a050d440d95b8705321052cb658dcec80a07727a9dfe5c4c778b42d0a10673ecd527a3c7ee047d9aa4f478fdc0b468419cfb3549e8f1fb817a39374834823f702d12105132c71b7186803b82b1a4a26403aa138840210841fffd9, 10, 0x31, 7003490, 0, '2014-06-16 14:36:40', '1970-01-01 00:00:00'),
(18, 'Personne', 4, 'VON STRUCKER', 'Baron', 0, 3, 17, 0xffd8ffe000104a46494600010100000100010000ffdb008400090607080706090807080a0a090b0d160f0d0c0c0d1b14151016201d2222201d1f1f2428342c242631271f1f2d3d2d3135373a3a3a232b3f443f384334393a37010a0a0a0d0c0d1a0f0f1a37251f253737373737373737373737373737373737373737373737373737373737373737373737373737373737373737373737373737ffc0001108005a005a03012200021101031101ffc4001b00000203010101000000000000000000000004030506020107ffc4003b100001030301030709060700000000000001000203040511311221510613142241617132525481919293c1d11642535582b1152334437273a1ffc4001501010100000000000000000000000000000001ffc40014110100000000000000000000000000000000ffda000c03010002110311003f00fb8a10840286aaa61a481f3d4c8d8e260cb9ce3a29966277ff0018bb48e93ad4344fd88d9d92ca3571ee1a209ba7dd2e9d6a16b68694f9334ccda91e3886e8078ae859a77ef96f37373b8b650d1ec013f19cea9a6631bd414c692ef47d6a3b9f4903fb558c073fa86f4e5aef0cac95d4b5113a96b5832e81e7391c5a7ef04d4aaaaed47d3236ba27f375509da8251ab1df43daa8be4246cb5e2e36f8ea0b7624ded959e63c6e213c804210804210821ad94c1473cc358e373bd832b3762673569a46ea5d1edb8f12ede7f75a5aa8b9fa6961fc4639bed18596b2ca5d6ba70edcf8c734f07b0b776141751bf453b6448324dca4126ed5034f7a5e47ae0c9dea273f3b9073c9f3cdddeed00f20ba3980ef70dffb2d02cff26c73d71bad50f20bd90b4ff80dff00f4ad02a0421080421083c24341248006f24ac4c95f4f0dd6a6a298486d950f1b736cf51b2e84b78838de78ab6a990df2a248838b6d70bb6642d38352f1ab73e60ede298a8a464d173618d11e3644606e0386140ae71820e41d08ed5eed9487f0cafa1245be56ba1fc09f25a3c0ea11d22e4ddcfb41278b276e103fb44aafbbdc0d142e6c20beaded258c68c968ed711c02f766f151d56410d1b4eae2ee71feaec4edb6d0da32e932e7ccfdef95e72e720b2e4ec74b159e9db45289a2d9cf383efb8ea4f7e5592cd4f0becf33ee36e61301df594add08ed7b0711dbc56869e68ea2164d0bc3e37b439ae1da15122108402abe50d44b15088298ecd4553c411bbcdceaef50c9568a96ec737cb634e8d8e7907880d1f328248228e9a18e9e06ecc51376183b829d8919a7e6c318cdf24870df99f52723eab40ce8a061b8ed5200de03d8a06b975b4a8edd81a00a2715eb9ca37141c976cbb21256522df739ed83fa791bd229479a09c39a3c0eff005a9e49035ed69fbda78a4ebcf375969a91e532af99fd2f690541a34210a8167eff0050ca7aeb7d5bcf52190b243c18f1827da02d02ce728a9ccb19046411823b9073131cfb94cf9348bf96cfaab06b9672db76e8710a6b8b642c66e8ea1a0b881c1c353e2ada2b8dba41965c693f54a1a7d8541621cbdda498ada2f4fa3f8edfaaf7a7517e6147f1dbf540d9728dce4b9aea2fcc28fe3b7eab9756d0819370a3c7fbda820bd173689d2b3ca8dc1df2f9a5cd4f49a8b3c2773ccbd25e3cd6b41033e24ae2bef741cd3e2a5cd6cae180d6b7a83c49ecf0515869a67d5baaaa0edcf21eb380dc0701dc8368d3900af57318c3405d2a050d440d95b8705321052cb658dcec80a07727a9dfe5c4c778b42d0a10673ecd527a3c7ee047d9aa4f478fdc0b468419cfb3549e8f1fb817a39374834823f702d12105132c71b7186803b82b1a4a26403aa138840210841fffd9, 10, 0x31, 7003490, 0, '2014-06-16 14:36:40', '1970-01-01 00:00:00'),
(19, 'Personne', 4, 'KLAUE', 'Ulysses', 0, 3, 18, 0xffd8ffe000104a46494600010100000100010000ffdb008400090607080706090807080a0a090b0d160f0d0c0c0d1b14151016201d2222201d1f1f2428342c242631271f1f2d3d2d3135373a3a3a232b3f443f384334393a37010a0a0a0d0c0d1a0f0f1a37251f253737373737373737373737373737373737373737373737373737373737373737373737373737373737373737373737373737ffc0001108005a005a03012200021101031101ffc4001b00000203010101000000000000000000000004030506020107ffc4003b100001030301030709060700000000000001000203040511311221510613142241617132525481919293c1d11642535582b1152334437273a1ffc4001501010100000000000000000000000000000001ffc40014110100000000000000000000000000000000ffda000c03010002110311003f00fb8a10840286aaa61a481f3d4c8d8e260cb9ce3a29966277ff0018bb48e93ad4344fd88d9d92ca3571ee1a209ba7dd2e9d6a16b68694f9334ccda91e3886e8078ae859a77ef96f37373b8b650d1ec013f19cea9a6631bd414c692ef47d6a3b9f4903fb558c073fa86f4e5aef0cac95d4b5113a96b5832e81e7391c5a7ef04d4aaaaed47d3236ba27f375509da8251ab1df43daa8be4246cb5e2e36f8ea0b7624ded959e63c6e213c804210804210821ad94c1473cc358e373bd832b3762673569a46ea5d1edb8f12ede7f75a5aa8b9fa6961fc4639bed18596b2ca5d6ba70edcf8c734f07b0b776141751bf453b6448324dca4126ed5034f7a5e47ae0c9dea273f3b9073c9f3cdddeed00f20ba3980ef70dffb2d02cff26c73d71bad50f20bd90b4ff80dff00f4ad02a0421080421083c24341248006f24ac4c95f4f0dd6a6a298486d950f1b736cf51b2e84b78838de78ab6a990df2a248838b6d70bb6642d38352f1ab73e60ede298a8a464d173618d11e3644606e0386140ae71820e41d08ed5eed9487f0cafa1245be56ba1fc09f25a3c0ea11d22e4ddcfb41278b276e103fb44aafbbdc0d142e6c20beaded258c68c968ed711c02f766f151d56410d1b4eae2ee71feaec4edb6d0da32e932e7ccfdef95e72e720b2e4ec74b159e9db45289a2d9cf383efb8ea4f7e5592cd4f0becf33ee36e61301df594add08ed7b0711dbc56869e68ea2164d0bc3e37b439ae1da15122108402abe50d44b15088298ecd4553c411bbcdceaef50c9568a96ec737cb634e8d8e7907880d1f328248228e9a18e9e06ecc51376183b829d8919a7e6c318cdf24870df99f52723eab40ce8a061b8ed5200de03d8a06b975b4a8edd81a00a2715eb9ca37141c976cbb21256522df739ed83fa791bd229479a09c39a3c0eff005a9e49035ed69fbda78a4ebcf375969a91e532af99fd2f690541a34210a8167eff0050ca7aeb7d5bcf52190b243c18f1827da02d02ce728a9ccb19046411823b9073131cfb94cf9348bf96cfaab06b9672db76e8710a6b8b642c66e8ea1a0b881c1c353e2ada2b8dba41965c693f54a1a7d8541621cbdda498ada2f4fa3f8edfaaf7a7517e6147f1dbf540d9728dce4b9aea2fcc28fe3b7eab9756d0819370a3c7fbda820bd173689d2b3ca8dc1df2f9a5cd4f49a8b3c2773ccbd25e3cd6b41033e24ae2bef741cd3e2a5cd6cae180d6b7a83c49ecf0515869a67d5baaaa0edcf21eb380dc0701dc8368d3900af57318c3405d2a050d440d95b8705321052cb658dcec80a07727a9dfe5c4c778b42d0a10673ecd527a3c7ee047d9aa4f478fdc0b468419cfb3549e8f1fb817a39374834823f702d12105132c71b7186803b82b1a4a26403aa138840210841fffd9, 8, 0x31, 7003490, 0, '2014-06-16 14:36:40', '1970-01-01 00:00:00'),
(20, 'Personne', 3, '-', 'Thor', 0, 5, 19, 0xffd8ffe000104a46494600010100000100010000ffdb008400090607080706090807080a0a090b0d160f0d0c0c0d1b14151016201d2222201d1f1f2428342c242631271f1f2d3d2d3135373a3a3a232b3f443f384334393a37010a0a0a0d0c0d1a0f0f1a37251f253737373737373737373737373737373737373737373737373737373737373737373737373737373737373737373737373737ffc0001108005a005a03012200021101031101ffc4001b00000203010101000000000000000000000004030506020107ffc4003b100001030301030709060700000000000001000203040511311221510613142241617132525481919293c1d11642535582b1152334437273a1ffc4001501010100000000000000000000000000000001ffc40014110100000000000000000000000000000000ffda000c03010002110311003f00fb8a10840286aaa61a481f3d4c8d8e260cb9ce3a29966277ff0018bb48e93ad4344fd88d9d92ca3571ee1a209ba7dd2e9d6a16b68694f9334ccda91e3886e8078ae859a77ef96f37373b8b650d1ec013f19cea9a6631bd414c692ef47d6a3b9f4903fb558c073fa86f4e5aef0cac95d4b5113a96b5832e81e7391c5a7ef04d4aaaaed47d3236ba27f375509da8251ab1df43daa8be4246cb5e2e36f8ea0b7624ded959e63c6e213c804210804210821ad94c1473cc358e373bd832b3762673569a46ea5d1edb8f12ede7f75a5aa8b9fa6961fc4639bed18596b2ca5d6ba70edcf8c734f07b0b776141751bf453b6448324dca4126ed5034f7a5e47ae0c9dea273f3b9073c9f3cdddeed00f20ba3980ef70dffb2d02cff26c73d71bad50f20bd90b4ff80dff00f4ad02a0421080421083c24341248006f24ac4c95f4f0dd6a6a298486d950f1b736cf51b2e84b78838de78ab6a990df2a248838b6d70bb6642d38352f1ab73e60ede298a8a464d173618d11e3644606e0386140ae71820e41d08ed5eed9487f0cafa1245be56ba1fc09f25a3c0ea11d22e4ddcfb41278b276e103fb44aafbbdc0d142e6c20beaded258c68c968ed711c02f766f151d56410d1b4eae2ee71feaec4edb6d0da32e932e7ccfdef95e72e720b2e4ec74b159e9db45289a2d9cf383efb8ea4f7e5592cd4f0becf33ee36e61301df594add08ed7b0711dbc56869e68ea2164d0bc3e37b439ae1da15122108402abe50d44b15088298ecd4553c411bbcdceaef50c9568a96ec737cb634e8d8e7907880d1f328248228e9a18e9e06ecc51376183b829d8919a7e6c318cdf24870df99f52723eab40ce8a061b8ed5200de03d8a06b975b4a8edd81a00a2715eb9ca37141c976cbb21256522df739ed83fa791bd229479a09c39a3c0eff005a9e49035ed69fbda78a4ebcf375969a91e532af99fd2f690541a34210a8167eff0050ca7aeb7d5bcf52190b243c18f1827da02d02ce728a9ccb19046411823b9073131cfb94cf9348bf96cfaab06b9672db76e8710a6b8b642c66e8ea1a0b881c1c353e2ada2b8dba41965c693f54a1a7d8541621cbdda498ada2f4fa3f8edfaaf7a7517e6147f1dbf540d9728dce4b9aea2fcc28fe3b7eab9756d0819370a3c7fbda820bd173689d2b3ca8dc1df2f9a5cd4f49a8b3c2773ccbd25e3cd6b41033e24ae2bef741cd3e2a5cd6cae180d6b7a83c49ecf0515869a67d5baaaa0edcf21eb380dc0701dc8368d3900af57318c3405d2a050d440d95b8705321052cb658dcec80a07727a9dfe5c4c778b42d0a10673ecd527a3c7ee047d9aa4f478fdc0b468419cfb3549e8f1fb817a39374834823f702d12105132c71b7186803b82b1a4a26403aa138840210841fffd9, 3, 0x31, 7003490, 0, '2014-06-16 14:36:40', '1970-01-01 00:00:00'),
(21, 'Lieu', 0, 'SALLE DE LECTURE', '', 0, 0, 3, '', 9, 0x31, 7003490, 0, '2014-06-20 11:22:39', '1970-01-01 00:00:00'),
(22, 'Lieu', 0, 'ESPACE FAMILLE', '', 0, 0, 5, '', 7, 0x31, 7003490, 0, '2014-06-20 11:23:07', '1970-01-01 00:00:00'),
(23, 'Lieu', 0, 'SALLE DE REUNION', '', 0, 0, 7, '', 2, 0x31, 7003490, 0, '2014-06-20 11:23:52', '1970-01-01 00:00:00'),
(24, 'Lieu', 0, 'SALLES DES ARCHIVES', '', 0, 0, 15, '', 5, 0x31, 7003490, 0, '2014-06-20 11:24:34', '1970-01-01 00:00:00'),
(25, 'Lieu', 0, 'SALLE A MANGER', '', 0, 0, 14, '', 5, 0x31, 7003490, 0, '2014-06-20 11:25:00', '1970-01-01 00:00:00'),
(26, 'Personne', 2, 'DUPONT', 'Jean', 0, 5, 6, '', 1, 0x31, 7003490, 0, '2014-06-24 09:57:32', '1970-01-01 00:00:00'),
(27, 'Personne', 3, 'LANCELIN', 'Marine', 7003490, 5, 5, '', 999999999, 0x31, 7003490, 0, '2014-07-03 14:06:18', '1970-01-01 00:00:00'),
(29, 'Personne', 1, 'FOREAU', 'Laurent', 7001953, 5, 4, '', 999999999, 0x31, 7003490, 0, '2014-07-03 16:35:33', '1970-01-01 00:00:00'),
(71, 'Lieu', 0, 'Salle de repos', '', 0, 0, 0, '', 999999999, 0x31, 7003490, 7003490, '2014-07-29 15:41:39', '2014-07-29 15:42:03');

-- --------------------------------------------------------

--
-- Structure de la table `annuaire_php_exploit_numero`
--

CREATE TABLE `annuaire_php_exploit_numero` (
  `id_Enumero` int(11) NOT NULL,
  `ordre_num` int(5) NOT NULL,
  `id_Pcommunication` int(11) NOT NULL,
  `id_Eabonne` int(11) NOT NULL,
  `id_Pservice` int(11) NOT NULL,
  `lib_num` varchar(200) NOT NULL,
  `actif_num` binary(1) NOT NULL DEFAULT '1',
  `createur_num` int(10) NOT NULL,
  `modificateur_num` int(10) NOT NULL,
  `date_crea_num` datetime NOT NULL,
  `date_modif_num` datetime NOT NULL
) ENGINE=InnoDB DEFAULT CHARSET=utf8;

--
-- Déchargement des données de la table `annuaire_php_exploit_numero`
--

INSERT INTO `annuaire_php_exploit_numero` (`id_Enumero`, `ordre_num`, `id_Pcommunication`, `id_Eabonne`, `id_Pservice`, `lib_num`, `actif_num`, `createur_num`, `modificateur_num`, `date_crea_num`, `date_modif_num`) VALUES
(1, 1, 3, 1, 0, '0000000000', 0x31, 7003490, 0, '2014-06-16 14:36:40', '1970-01-01 00:00:00'),
(2, 2, 5, 1, 0, 'tony.stark@mail.com', 0x31, 7003490, 0, '2014-06-16 14:36:40', '1970-01-01 00:00:00'),
(3, 1, 3, 2, 0, '0000000000', 0x31, 7003490, 0, '2014-06-16 14:36:40', '1970-01-01 00:00:00'),
(4, 2, 5, 2, 0, 'natasha@romanoff@mail.com', 0x31, 7003490, 0, '2014-06-16 14:36:40', '1970-01-01 00:00:00'),
(5, 1, 3, 3, 0, '0000000000', 0x31, 7003490, 0, '2014-06-16 14:36:40', '1970-01-01 00:00:00'),
(6, 2, 5, 3, 0, 'steve.rogers@mail.com', 0x31, 7003490, 0, '2014-06-16 14:36:40', '1970-01-01 00:00:00'),
(7, 1, 3, 4, 0, '0000000000', 0x31, 7003490, 0, '2014-06-16 14:36:40', '1970-01-01 00:00:00'),
(8, 2, 5, 4, 0, 'erik.selvig@mail.com', 0x31, 7003490, 0, '2014-06-16 14:36:40', '1970-01-01 00:00:00'),
(9, 1, 3, 5, 0, '0000000000', 0x31, 7003490, 0, '2014-06-16 14:36:40', '1970-01-01 00:00:00'),
(10, 2, 5, 5, 0, 'nick.fury@mail.com', 0x31, 7003490, 0, '2014-06-16 14:36:40', '1970-01-01 00:00:00'),
(11, 1, 3, 6, 0, '0000000000', 0x31, 7003490, 0, '2014-06-16 14:36:40', '1970-01-01 00:00:00'),
(12, 2, 5, 6, 0, 'clint.barton@mail.com', 0x31, 7003490, 0, '2014-06-16 14:36:40', '1970-01-01 00:00:00'),
(13, 1, 3, 7, 0, '0000000000', 0x31, 7003490, 0, '2014-06-16 14:36:40', '1970-01-01 00:00:00'),
(14, 2, 5, 7, 0, 'maria.hill@mail.com', 0x31, 7003490, 0, '2014-06-16 14:36:40', '1970-01-01 00:00:00'),
(15, 1, 3, 8, 0, '0000000000', 0x31, 7003490, 0, '2014-06-16 14:36:40', '1970-01-01 00:00:00'),
(16, 2, 5, 8, 0, 'bruce.banner@mail.com', 0x31, 7003490, 0, '2014-06-16 14:36:40', '1970-01-01 00:00:00'),
(17, 1, 3, 9, 0, '0000000000', 0x31, 7003490, 0, '2014-06-16 14:36:40', '1970-01-01 00:00:00'),
(18, 2, 5, 9, 0, 'phil.coulson@mail.com', 0x31, 7003490, 0, '2014-06-16 14:36:40', '1970-01-01 00:00:00'),
(19, 1, 3, 10, 0, '0000000000', 0x31, 7003490, 0, '2014-06-16 14:36:40', '1970-01-01 00:00:00'),
(20, 2, 5, 10, 0, 'pepper.pots@mail.com', 0x31, 7003490, 0, '2014-06-16 14:36:40', '1970-01-01 00:00:00'),
(21, 1, 3, 11, 0, '0000000000', 0x31, 7003490, 0, '2014-06-16 14:36:40', '1970-01-01 00:00:00'),
(22, 2, 5, 11, 0, 'peggy.carter@mail.com', 0x31, 7003490, 0, '2014-06-16 14:36:40', '1970-01-01 00:00:00'),
(23, 1, 3, 12, 0, '0000000000', 0x31, 7003490, 0, '2014-06-16 14:36:40', '1970-01-01 00:00:00'),
(24, 2, 5, 12, 0, 'pietro.maximoff@mail.com', 0x31, 7003490, 0, '2014-06-16 14:36:40', '1970-01-01 00:00:00'),
(25, 1, 3, 13, 0, '0000000000', 0x31, 7003490, 0, '2014-06-16 14:36:40', '1970-01-01 00:00:00'),
(26, 2, 5, 13, 0, 'wanda.maximoff@mail.com', 0x31, 7003490, 0, '2014-06-16 14:36:40', '1970-01-01 00:00:00'),
(27, 1, 3, 14, 0, '0000000000', 0x31, 7003490, 0, '2014-06-16 14:36:40', '1970-01-01 00:00:00'),
(28, 2, 5, 14, 0, 'james.rhodes.mail.com', 0x31, 7003490, 0, '2014-06-16 14:36:40', '1970-01-01 00:00:00'),
(29, 1, 3, 15, 0, '0000000000', 0x31, 7003490, 0, '2014-06-16 14:36:40', '1970-01-01 00:00:00'),
(30, 2, 5, 15, 0, 'sam.wilson@mail.com', 0x31, 7003490, 0, '2014-06-16 14:36:40', '1970-01-01 00:00:00'),
(31, 1, 3, 16, 0, '0000000000', 0x31, 7003490, 0, '2014-06-16 14:36:40', '1970-01-01 00:00:00'),
(32, 2, 5, 16, 0, 'laura.barton@mail.com', 0x31, 7003490, 0, '2014-06-16 14:36:40', '1970-01-01 00:00:00'),
(33, 1, 3, 17, 0, '0000000000', 0x31, 7003490, 0, '2014-06-16 14:36:40', '1970-01-01 00:00:00'),
(34, 2, 5, 17, 0, 'helen.cho@mail.com', 0x31, 7003490, 0, '2014-06-16 14:36:40', '1970-01-01 00:00:00'),
(35, 1, 3, 18, 0, '0000000000', 0x31, 7003490, 0, '2014-06-16 14:36:40', '1970-01-01 00:00:00'),
(36, 2, 5, 18, 0, 'baron.von-strucker@mail.com', 0x31, 7003490, 0, '2014-06-16 14:36:40', '1970-01-01 00:00:00'),
(37, 1, 3, 19, 0, '0000000000', 0x31, 7003490, 0, '2014-06-16 14:36:40', '1970-01-01 00:00:00'),
(38, 2, 5, 19, 0, 'ulysses.klaue@mail.com', 0x31, 7003490, 0, '2014-06-16 14:36:40', '1970-01-01 00:00:00'),
(39, 1, 3, 20, 0, '0000000000', 0x31, 7003490, 0, '2014-06-16 14:36:40', '1970-01-01 00:00:00'),
(40, 2, 5, 20, 0, 'thor@mail.com', 0x31, 7003490, 0, '2014-06-16 14:36:40', '1970-01-01 00:00:00'),
(41, 1, 1, 21, 0, '0000000000', 0x31, 7003490, 0, '2014-06-20 09:19:55', '1970-01-01 00:00:00'),
(42, 2, 3, 21, 0, '0000000000', 0x31, 7003490, 0, '2014-06-20 09:20:33', '1970-01-01 00:00:00'),
(43, 2, 2, 22, 0, '0000000000', 0x31, 7003490, 0, '2014-06-20 09:22:41', '1970-01-01 00:00:00'),
(44, 1, 4, 22, 0, 'salle@mail.com', 0x31, 7003490, 0, '2014-06-20 11:57:45', '1970-01-01 00:00:00'),
(45, 1, 1, 23, 0, 'salle1@mail.com', 0x31, 7003490, 0, '2014-06-20 11:58:14', '1970-01-01 00:00:00'),
(46, 1, 1, 26, 0, 'jean.dupont@nck.aphp.fr', 0x31, 7003490, 0, '2014-06-24 10:02:22', '1970-01-01 00:00:00'),
(47, 2, 2, 26, 0, '0000000000', 0x31, 7003490, 0, '2014-06-24 10:02:43', '1970-01-01 00:00:00'),
(48, 1, 8, 0, 1, '0000000000', 0x31, 7003490, 0, '2014-07-17 09:58:14', '1970-01-01 00:00:00'),
(49, 2, 9, 0, 1, '0000000000', 0x31, 7003490, 0, '2014-07-17 09:58:41', '1970-01-01 00:00:00'),
(50, 2, 9, 0, 1, '0000000000', 0x31, 7003490, 0, '2014-07-17 09:59:15', '1970-01-01 00:00:00'),
(55, 0, 2, 76, 0, '0000', 0x30, 7003490, 7003490, '2014-07-29 15:56:45', '2014-07-29 15:56:50');

-- --------------------------------------------------------

--
-- Structure de la table `annuaire_php_exploit_service`
--

CREATE TABLE `annuaire_php_exploit_service` (
  `id_Eservice` int(11) NOT NULL,
  `id_Eabonne` int(11) NOT NULL,
  `id_Pservice` int(11) NOT NULL,
  `actif_Eser` binary(1) NOT NULL DEFAULT '1',
  `createur_Eser` int(10) NOT NULL,
  `modificateur_Eser` int(10) NOT NULL,
  `date_crea_Eser` datetime NOT NULL,
  `date_modif_Eser` datetime NOT NULL
) ENGINE=InnoDB DEFAULT CHARSET=utf8;

--
-- Déchargement des données de la table `annuaire_php_exploit_service`
--

INSERT INTO `annuaire_php_exploit_service` (`id_Eservice`, `id_Eabonne`, `id_Pservice`, `actif_Eser`, `createur_Eser`, `modificateur_Eser`, `date_crea_Eser`, `date_modif_Eser`) VALUES
(1, 1, 1, 0x31, 7003490, 0, '2014-07-07 11:12:07', '1970-01-01 00:00:00'),
(2, 2, 1, 0x31, 7003490, 0, '2014-07-07 11:12:19', '1970-01-01 00:00:00'),
(3, 3, 1, 0x31, 7003490, 0, '2014-07-07 11:12:36', '1970-01-01 00:00:00'),
(4, 4, 1, 0x31, 7003490, 0, '2014-07-07 11:12:48', '1970-01-01 00:00:00'),
(5, 5, 1, 0x31, 7003490, 0, '2014-07-07 11:13:57', '1970-01-01 00:00:00'),
(6, 6, 1, 0x31, 7003490, 0, '2014-07-07 11:14:11', '1970-01-01 00:00:00'),
(7, 7, 1, 0x31, 7003490, 0, '2014-07-07 11:14:33', '1970-01-01 00:00:00'),
(8, 8, 1, 0x31, 7003490, 0, '2014-07-07 11:14:44', '1970-01-01 00:00:00'),
(9, 9, 1, 0x31, 7003490, 0, '2014-07-07 11:15:06', '1970-01-01 00:00:00'),
(10, 10, 1, 0x31, 7003490, 0, '2014-07-07 11:15:17', '1970-01-01 00:00:00'),
(11, 11, 1, 0x31, 7003490, 0, '2014-07-07 11:15:55', '1970-01-01 00:00:00'),
(12, 12, 1, 0x31, 7003490, 0, '2014-07-07 11:16:06', '1970-01-01 00:00:00'),
(13, 13, 1, 0x31, 7003490, 0, '2014-07-07 11:16:24', '1970-01-01 00:00:00'),
(14, 14, 1, 0x31, 7003490, 0, '2014-07-07 11:16:35', '1970-01-01 00:00:00'),
(15, 15, 1, 0x31, 7003490, 0, '2014-07-07 11:16:50', '1970-01-01 00:00:00'),
(16, 16, 1, 0x31, 7003490, 0, '2014-07-07 11:17:00', '1970-01-01 00:00:00'),
(17, 17, 1, 0x31, 7003490, 0, '2014-07-07 11:17:18', '1970-01-01 00:00:00'),
(18, 18, 1, 0x31, 7003490, 0, '2014-07-07 11:17:35', '1970-01-01 00:00:00'),
(19, 19, 1, 0x31, 7003490, 0, '2014-07-07 11:17:57', '1970-01-01 00:00:00'),
(20, 20, 1, 0x31, 7003490, 0, '2014-07-07 11:18:07', '1970-01-01 00:00:00'),
(21, 21, 2, 0x31, 7003490, 0, '2014-07-07 11:19:10', '1970-01-01 00:00:00'),
(22, 22, 2, 0x31, 7003490, 0, '2014-07-07 11:19:21', '1970-01-01 00:00:00'),
(23, 23, 2, 0x31, 7003490, 0, '2014-07-07 11:19:39', '1970-01-01 00:00:00'),
(24, 24, 2, 0x31, 7003490, 0, '2014-07-07 11:19:51', '1970-01-01 00:00:00'),
(25, 25, 2, 0x31, 7003490, 0, '2014-07-07 11:20:08', '1970-01-01 00:00:00'),
(26, 26, 3, 0x31, 7003490, 0, '2014-07-07 11:21:33', '1970-01-01 00:00:00'),
(27, 27, 1, 0x31, 7003490, 0, '2014-07-07 11:21:50', '1970-01-01 00:00:00'),
(28, 29, 4, 0x31, 7003490, 0, '2014-07-07 11:22:07', '1970-01-01 00:00:00'),
(29, 1, 2, 0x31, 7003490, 0, '2014-07-24 10:56:33', '1970-01-01 00:00:00'),
(50, 0, 11, 0x31, 7003490, 0, '2014-07-29 15:42:03', '1970-01-01 00:00:00'),
(51, 72, 20, 0x31, 7003490, 0, '2014-07-29 15:42:49', '1970-01-01 00:00:00'),
(52, 73, 6, 0x31, 7003490, 0, '2014-07-29 15:45:24', '1970-01-01 00:00:00'),
(53, 73, 6, 0x31, 7003490, 0, '2014-07-29 15:45:24', '1970-01-01 00:00:00'),
(54, 74, 5, 0x31, 7003490, 0, '2014-07-29 15:49:14', '1970-01-01 00:00:00'),
(55, 75, 8, 0x31, 7003490, 0, '2014-07-29 15:51:06', '1970-01-01 00:00:00'),
(56, 76, 10, 0x30, 7003490, 7003490, '2014-07-29 15:52:54', '2014-07-29 15:56:05');

-- --------------------------------------------------------

--
-- Structure de la table `annuaire_php_param_batiment`
--

CREATE TABLE `annuaire_php_param_batiment` (
  `id_Pbatiment` int(11) NOT NULL,
  `lib_bat` varchar(100) NOT NULL,
  `actif_bat` binary(1) NOT NULL DEFAULT '1',
  `createur_bat` int(10) NOT NULL,
  `modificateur_bat` int(10) NOT NULL,
  `date_crea_bat` datetime NOT NULL,
  `date_modif_bat` datetime NOT NULL
) ENGINE=InnoDB DEFAULT CHARSET=utf8;

--
-- Déchargement des données de la table `annuaire_php_param_batiment`
--

INSERT INTO `annuaire_php_param_batiment` (`id_Pbatiment`, `lib_bat`, `actif_bat`, `createur_bat`, `modificateur_bat`, `date_crea_bat`, `date_modif_bat`) VALUES
(1, 'Robert Debré', 0x31, 7003490, 7003490, '2014-06-16 14:36:40', '2014-07-22 13:21:07'),
(2, 'Kirmisson', 0x31, 7003490, 0, '2014-06-16 14:36:40', '1970-01-01 00:00:00'),
(3, 'Blumenthal', 0x31, 7003490, 0, '2014-06-16 14:36:40', '1970-01-01 00:00:00'),
(4, 'SAMU', 0x31, 7003490, 0, '2014-06-16 14:36:40', '1970-01-01 00:00:00'),
(5, 'Lavoisier', 0x31, 7003490, 0, '2014-06-16 14:36:40', '1970-01-01 00:00:00'),
(6, 'Vaugirard', 0x31, 7003490, 0, '2014-06-16 14:36:40', '1970-01-01 00:00:00'),
(7, 'Pasteur', 0x31, 7003490, 0, '2014-06-16 14:36:40', '1970-01-01 00:00:00'),
(8, 'G. de Staël', 0x31, 7003490, 0, '2014-06-16 14:36:40', '1970-01-01 00:00:00'),
(9, 'Modulaire 1', 0x31, 7003490, 0, '2014-06-16 14:36:40', '1970-01-01 00:00:00'),
(10, 'Modulaire 2', 0x31, 7003490, 0, '2014-06-16 14:36:40', '1970-01-01 00:00:00'),
(11, 'CCI', 0x31, 7003490, 0, '2014-06-16 14:36:40', '1970-01-01 00:00:00'),
(12, 'Carré Necker', 0x31, 7003490, 0, '2014-06-16 14:36:40', '1970-01-01 00:00:00'),
(13, 'Breteuil', 0x31, 7003490, 0, '2014-06-16 14:36:40', '1970-01-01 00:00:00'),
(14, 'Sèvres', 0x31, 7003490, 0, '2014-06-16 14:36:40', '1970-01-01 00:00:00'),
(15, 'Ségur', 0x31, 7003490, 0, '2014-06-16 14:36:40', '1970-01-01 00:00:00'),
(16, 'Nouaille-Grancher', 0x31, 7003490, 0, '2014-06-16 14:36:40', '1970-01-01 00:00:00'),
(17, 'Laennec', 0x31, 7003490, 0, '2014-06-16 14:36:40', '1970-01-01 00:00:00');

-- --------------------------------------------------------

--
-- Structure de la table `annuaire_php_param_civilite`
--

CREATE TABLE `annuaire_php_param_civilite` (
  `id_Pcivilite` int(11) NOT NULL,
  `lib_civ` varchar(20) NOT NULL,
  `actif_civ` binary(1) NOT NULL DEFAULT '1',
  `createur_civ` int(10) NOT NULL,
  `modificateur_civ` int(10) NOT NULL,
  `date_crea_civ` datetime NOT NULL,
  `date_modif_civ` datetime NOT NULL
) ENGINE=InnoDB DEFAULT CHARSET=utf8;

--
-- Déchargement des données de la table `annuaire_php_param_civilite`
--

INSERT INTO `annuaire_php_param_civilite` (`id_Pcivilite`, `lib_civ`, `actif_civ`, `createur_civ`, `modificateur_civ`, `date_crea_civ`, `date_modif_civ`) VALUES
(1, 'Docteur', 0x31, 7003490, 7003490, '2014-06-16 14:30:06', '2014-07-22 13:35:43'),
(2, 'Professeur', 0x31, 7003490, 0, '2014-06-16 14:30:22', '1970-01-01 00:00:00'),
(3, 'Madame', 0x31, 7003490, 0, '2014-06-16 14:30:43', '1970-01-01 00:00:00'),
(4, 'Monsieur', 0x31, 7003490, 0, '2014-06-16 14:30:52', '1970-01-01 00:00:00');

-- --------------------------------------------------------

--
-- Structure de la table `annuaire_php_param_communication`
--

CREATE TABLE `annuaire_php_param_communication` (
  `id_Pcommunication` int(11) NOT NULL,
  `lib_com` varchar(100) NOT NULL,
  `actif_com` binary(1) NOT NULL DEFAULT '1',
  `createur_com` int(10) NOT NULL,
  `modificateur_com` int(10) NOT NULL,
  `date_crea_com` datetime NOT NULL,
  `date_modif_com` datetime NOT NULL
) ENGINE=InnoDB DEFAULT CHARSET=utf8;

--
-- Déchargement des données de la table `annuaire_php_param_communication`
--

INSERT INTO `annuaire_php_param_communication` (`id_Pcommunication`, `lib_com`, `actif_com`, `createur_com`, `modificateur_com`, `date_crea_com`, `date_modif_com`) VALUES
(1, 'DECT', 0x31, 7003490, 0, '2014-06-16 14:45:17', '1970-01-01 00:00:00'),
(2, 'BIP', 0x31, 7003490, 0, '2014-06-16 14:46:20', '1970-01-01 00:00:00'),
(3, 'Fixe', 0x31, 7003490, 0, '2014-06-16 14:47:22', '1970-01-01 00:00:00'),
(4, 'Fax', 0x31, 7003490, 0, '2014-06-16 14:47:34', '1970-01-01 00:00:00'),
(5, 'Mail', 0x31, 7003490, 0, '2014-06-16 14:47:52', '1970-01-01 00:00:00'),
(6, 'Secrétariat', 0x31, 7003490, 0, '2014-06-16 14:48:21', '1970-01-01 00:00:00'),
(8, 'Accueil', 0x31, 7003490, 0, '2014-07-17 09:55:24', '1970-01-01 00:00:00'),
(9, 'Poste de soins', 0x31, 7003490, 0, '2014-07-17 09:56:05', '1970-01-01 00:00:00'),
(10, 'Consultations', 0x31, 7003490, 0, '2014-07-18 14:13:40', '1970-01-01 00:00:00'),
(11, 'Hospitalisations', 0x31, 7003490, 0, '2014-07-18 14:13:56', '1970-01-01 00:00:00');

-- --------------------------------------------------------

--
-- Structure de la table `annuaire_php_param_etage`
--

CREATE TABLE `annuaire_php_param_etage` (
  `id_Petage` int(11) NOT NULL,
  `lib_eta` varchar(10) NOT NULL,
  `actif_eta` binary(1) NOT NULL DEFAULT '1',
  `createur_eta` int(10) NOT NULL,
  `modificateur_eta` int(10) NOT NULL,
  `date_crea_eta` datetime NOT NULL,
  `date_modif_eta` datetime NOT NULL
) ENGINE=InnoDB DEFAULT CHARSET=utf8;

--
-- Déchargement des données de la table `annuaire_php_param_etage`
--

INSERT INTO `annuaire_php_param_etage` (`id_Petage`, `lib_eta`, `actif_eta`, `createur_eta`, `modificateur_eta`, `date_crea_eta`, `date_modif_eta`) VALUES
(1, 'RDCbas', 0x31, 7003490, 0, '2014-06-16 14:36:40', '1970-01-01 00:00:00'),
(2, 'RDChaut', 0x31, 7003490, 0, '2014-06-16 14:36:40', '1970-01-01 00:00:00'),
(3, '1er', 0x31, 7003490, 0, '2014-06-16 14:36:40', '1970-01-01 00:00:00'),
(4, '2ème', 0x31, 7003490, 0, '2014-06-16 14:36:40', '1970-01-01 00:00:00'),
(5, '3ème', 0x31, 7003490, 0, '2014-06-16 14:36:40', '1970-01-01 00:00:00'),
(6, '4ème', 0x31, 7003490, 0, '2014-06-16 14:36:40', '1970-01-01 00:00:00'),
(7, '5ème', 0x31, 7003490, 0, '2014-06-16 14:36:40', '1970-01-01 00:00:00'),
(8, '-1', 0x31, 7003490, 0, '2014-06-16 14:36:40', '1970-01-01 00:00:00'),
(9, '-2', 0x31, 7003490, 0, '2014-06-16 14:36:40', '1970-01-01 00:00:00'),
(10, '-3', 0x31, 7003490, 0, '2014-06-16 14:36:40', '1970-01-01 00:00:00'),
(11, 'RDC', 0x31, 7003490, 0, '2014-06-16 14:36:40', '1970-01-01 00:00:00');

-- --------------------------------------------------------

--
-- Structure de la table `annuaire_php_param_fonction`
--

CREATE TABLE `annuaire_php_param_fonction` (
  `id_Pfonction` int(11) NOT NULL,
  `lib_fonc` varchar(200) NOT NULL,
  `ordre_fonc` int(11) NOT NULL DEFAULT '999999999',
  `actif_fonc` binary(1) NOT NULL DEFAULT '1',
  `createur_fonc` int(10) NOT NULL,
  `modificateur_fonc` int(10) NOT NULL,
  `date_crea_fonc` datetime NOT NULL,
  `date_modif_fonc` datetime NOT NULL
) ENGINE=InnoDB DEFAULT CHARSET=utf8;

--
-- Déchargement des données de la table `annuaire_php_param_fonction`
--

INSERT INTO `annuaire_php_param_fonction` (`id_Pfonction`, `lib_fonc`, `ordre_fonc`, `actif_fonc`, `createur_fonc`, `modificateur_fonc`, `date_crea_fonc`, `date_modif_fonc`) VALUES
(1, 'Responsable', 1, 0x31, 7003490, 0, '2014-06-16 14:36:40', '1970-01-01 00:00:00'),
(2, 'Adjoint(e) au Responsable', 3, 0x31, 7003490, 0, '2014-06-16 14:36:40', '1970-01-01 00:00:00'),
(3, 'Informaticien(ne)', 4, 0x31, 7003490, 0, '2014-06-16 14:36:40', '1970-01-01 00:00:00'),
(4, 'Ingénieur', 4, 0x31, 7003490, 0, '2014-06-16 14:36:40', '1970-01-01 00:00:00'),
(5, 'Secrétaire', 2, 0x31, 7003490, 0, '2014-06-16 14:36:40', '1970-01-01 00:00:00'),
(6, 'Assistant(e)', 5, 0x31, 7003490, 0, '2014-06-16 14:36:40', '1970-01-01 00:00:00'),
(7, 'Attaché(e)', 5, 0x31, 7003490, 0, '2014-06-16 14:36:40', '1970-01-01 00:00:00'),
(8, 'Cadre Administratif', 5, 0x31, 7003490, 0, '2014-06-16 14:36:40', '1970-01-01 00:00:00'),
(9, 'Cadre Paramédical', 5, 0x31, 7003490, 0, '2014-06-16 14:36:40', '1970-01-01 00:00:00'),
(10, 'Infographiste', 5, 0x31, 7003490, 0, '2014-06-16 14:36:40', '1970-01-01 00:00:00'),
(11, 'Documentaliste', 5, 0x31, 7003490, 0, '2014-06-16 14:36:40', '1970-01-01 00:00:00'),
(12, 'Educateur(rice)', 5, 0x31, 7003490, 0, '2014-06-16 14:36:40', '1970-01-01 00:00:00'),
(13, 'Radiophysicien', 5, 0x31, 7003490, 0, '2014-06-16 14:36:40', '1970-01-01 00:00:00'),
(14, 'Référent de Secteur', 5, 0x31, 7003490, 0, '2014-06-16 14:36:40', '1970-01-01 00:00:00'),
(15, 'Technicien(ne)', 5, 0x31, 7003490, 0, '2014-06-16 14:36:40', '1970-01-01 00:00:00'),
(16, 'Responsable Médical', 5, 0x31, 7003490, 0, '2014-06-16 14:36:40', '1970-01-01 00:00:00'),
(17, 'Psychologue', 5, 0x31, 7003490, 0, '2014-06-16 14:36:40', '1970-01-01 00:00:00'),
(18, 'Sage-Femme', 5, 0x31, 7003490, 0, '2014-06-16 14:36:40', '1970-01-01 00:00:00'),
(19, 'Gestionnaire', 5, 0x31, 7003490, 0, '2014-06-16 14:36:40', '1970-01-01 00:00:00'),
(20, 'Orthophoniste', 5, 0x31, 7003490, 0, '2014-06-16 14:36:40', '1970-01-01 00:00:00');

-- --------------------------------------------------------

--
-- Structure de la table `annuaire_php_param_localisation`
--

CREATE TABLE `annuaire_php_param_localisation` (
  `id_Plocalisation` int(11) NOT NULL,
  `id_Pbatiment` int(11) NOT NULL,
  `id_Petage` int(11) NOT NULL,
  `id_Pporte` int(11) NOT NULL,
  `actif_loca` binary(1) NOT NULL DEFAULT '1',
  `createur_loca` int(10) NOT NULL,
  `modificateur_loca` int(10) NOT NULL,
  `date_crea_loca` datetime NOT NULL,
  `date_modif_loca` datetime NOT NULL
) ENGINE=InnoDB DEFAULT CHARSET=utf8;

--
-- Déchargement des données de la table `annuaire_php_param_localisation`
--

INSERT INTO `annuaire_php_param_localisation` (`id_Plocalisation`, `id_Pbatiment`, `id_Petage`, `id_Pporte`, `actif_loca`, `createur_loca`, `modificateur_loca`, `date_crea_loca`, `date_modif_loca`) VALUES
(1, 1, 1, 1, 0x31, 7003490, 0, '2014-06-17 14:36:40', '1970-01-01 00:00:00'),
(2, 1, 6, 1, 0x31, 7003490, 0, '2014-06-16 14:36:40', '1970-01-01 00:00:00'),
(3, 12, 11, 1, 0x31, 7003490, 0, '2014-06-16 14:36:40', '1970-01-01 00:00:00'),
(4, 9, 5, 10, 0x31, 7003490, 0, '2014-06-16 14:36:40', '1970-01-01 00:00:00'),
(5, 17, 8, 4, 0x31, 7003490, 0, '2014-06-16 14:36:40', '1970-01-01 00:00:00'),
(6, 10, 4, 9, 0x31, 7003490, 0, '2014-06-16 14:36:40', '1970-01-01 00:00:00'),
(7, 16, 2, 10, 0x31, 7003490, 0, '2014-06-16 14:36:40', '1970-01-01 00:00:00'),
(8, 8, 7, 5, 0x31, 7003490, 0, '2014-06-16 14:36:40', '1970-01-01 00:00:00'),
(9, 5, 9, 1, 0x31, 7003490, 0, '2014-06-16 14:36:40', '1970-01-01 00:00:00'),
(10, 11, 2, 9, 0x31, 7003490, 0, '2014-06-16 14:36:40', '1970-01-01 00:00:00'),
(11, 4, 3, 4, 0x31, 7003490, 0, '2014-06-16 14:36:40', '1970-01-01 00:00:00'),
(12, 14, 11, 2, 0x31, 7003490, 0, '2014-06-16 14:36:40', '1970-01-01 00:00:00'),
(13, 15, 6, 7, 0x31, 7003490, 0, '2014-06-16 14:36:40', '1970-01-01 00:00:00'),
(14, 6, 1, 1, 0x31, 7003490, 0, '2014-06-16 14:36:40', '1970-01-01 00:00:00'),
(15, 2, 7, 3, 0x31, 7003490, 0, '2014-06-16 14:36:40', '1970-01-01 00:00:00'),
(16, 7, 4, 5, 0x31, 7003490, 0, '2014-06-16 14:36:40', '1970-01-01 00:00:00'),
(17, 6, 2, 10, 0x31, 7003490, 0, '2014-06-16 14:36:40', '1970-01-01 00:00:00'),
(18, 3, 3, 8, 0x31, 7003490, 0, '2014-06-16 14:36:40', '1970-01-01 00:00:00'),
(19, 13, 7, 5, 0x31, 7003490, 0, '2014-06-16 14:36:40', '1970-01-01 00:00:00'),
(20, 12, 10, 9, 0x31, 7003490, 0, '2014-06-16 14:36:40', '1970-01-01 00:00:00'),
(26, 1, 1, 1, 0x31, 7003490, 0, '2014-07-25 16:28:22', '1970-01-01 00:00:00'),
(27, 1, 1, 1, 0x31, 7003490, 0, '2014-07-25 16:30:11', '1970-01-01 00:00:00'),
(28, 15, 3, 12, 0x31, 7003490, 0, '2014-07-25 16:40:18', '1970-01-01 00:00:00'),
(29, 15, 6, 3, 0x31, 7003490, 0, '2014-07-25 16:45:31', '1970-01-01 00:00:00'),
(30, 10, 4, 1, 0x31, 7003490, 0, '2014-07-25 16:52:11', '1970-01-01 00:00:00'),
(31, 14, 1, 1, 0x31, 7003490, 0, '2014-07-28 15:12:07', '1970-01-01 00:00:00'),
(32, 1, 7, 13, 0x31, 7003490, 0, '2014-07-28 15:52:00', '1970-01-01 00:00:00'),
(33, 1, 5, 1, 0x31, 7003490, 0, '2014-07-28 15:52:42', '1970-01-01 00:00:00'),
(34, 17, 9, 6, 0x31, 2014, 0, '1970-01-01 00:00:00', '1970-01-01 00:00:00'),
(35, 17, 6, 8, 0x31, 2014, 0, '1970-01-01 00:00:00', '1970-01-01 00:00:00'),
(36, 1, 1, 1, 0x30, 7003490, 7003490, '2014-07-30 11:15:32', '2014-07-30 15:44:27');

-- --------------------------------------------------------

--
-- Structure de la table `annuaire_php_param_moteur_recherche`
--

CREATE TABLE `annuaire_php_param_moteur_recherche` (
  `id_Pmoteur_rch` int(11) NOT NULL,
  `id_Eabonne` int(11) NOT NULL,
  `info_integrale` text NOT NULL
) ENGINE=InnoDB DEFAULT CHARSET=utf8;

-- --------------------------------------------------------

--
-- Structure de la table `annuaire_php_param_pole`
--

CREATE TABLE `annuaire_php_param_pole` (
  `id_Ppole` int(11) NOT NULL,
  `num_pole` int(10) NOT NULL,
  `lib_pole` varchar(100) NOT NULL,
  `actif_pole` binary(1) NOT NULL DEFAULT '1',
  `createur_pole` int(10) NOT NULL,
  `modificateur_pole` int(10) NOT NULL,
  `date_crea_pole` datetime NOT NULL,
  `date_modif_pole` datetime NOT NULL
) ENGINE=InnoDB DEFAULT CHARSET=utf8;

--
-- Déchargement des données de la table `annuaire_php_param_pole`
--

INSERT INTO `annuaire_php_param_pole` (`id_Ppole`, `num_pole`, `lib_pole`, `actif_pole`, `createur_pole`, `modificateur_pole`, `date_crea_pole`, `date_modif_pole`) VALUES
(4, 10, 'Pédiatrie Générale et Multidisciplinaire', 0x31, 7003490, 7003490, '2014-06-19 09:19:42', '2014-07-23 10:31:47'),
(5, 20, 'Médico-Chirurgical Pédiatrique', 0x31, 7003490, 0, '2014-06-19 09:20:14', '1970-01-01 00:00:00'),
(6, 30, 'Périnatologie et Cardiologie Pédiatrique', 0x31, 7003490, 0, '2014-06-19 09:20:46', '1970-01-01 00:00:00'),
(7, 47, 'Imagerie', 0x31, 7003490, 7003490, '2014-06-19 09:20:51', '2014-07-23 10:33:48'),
(8, 50, 'Biologie et Produits de Santé', 0x31, 7003490, 0, '2014-06-19 09:21:45', '1970-01-01 00:00:00'),
(9, 60, 'Hématologie, Immunologie, Infectiologie', 0x31, 7003490, 0, '2014-06-19 09:21:49', '1970-01-01 00:00:00'),
(10, 70, 'Réanimations, Urgences et Anesthésie', 0x31, 7003490, 0, '2014-06-19 09:22:17', '1970-01-01 00:00:00'),
(11, 80, 'Rein, Coeur', 0x31, 7003490, 0, '2014-06-19 09:22:21', '1970-01-01 00:00:00'),
(12, 90, 'Santé Publique et Recherche Clinique', 0x31, 7003490, 0, '2014-06-19 09:22:42', '1970-01-01 00:00:00');

-- --------------------------------------------------------

--
-- Structure de la table `annuaire_php_param_porte`
--

CREATE TABLE `annuaire_php_param_porte` (
  `id_Pporte` int(11) NOT NULL,
  `lib_porte` varchar(100) NOT NULL,
  `actif_porte` binary(1) NOT NULL DEFAULT '1',
  `createur_porte` int(10) NOT NULL,
  `modificateur_porte` int(10) NOT NULL,
  `date_crea_porte` datetime NOT NULL,
  `date_modif_porte` datetime NOT NULL
) ENGINE=InnoDB DEFAULT CHARSET=utf8;

--
-- Déchargement des données de la table `annuaire_php_param_porte`
--

INSERT INTO `annuaire_php_param_porte` (`id_Pporte`, `lib_porte`, `actif_porte`, `createur_porte`, `modificateur_porte`, `date_crea_porte`, `date_modif_porte`) VALUES
(1, 'D1', 0x31, 7003490, 0, '2014-06-16 14:36:40', '1970-01-01 00:00:00'),
(2, 'D2', 0x31, 7003490, 0, '2014-06-16 14:36:40', '1970-01-01 00:00:00'),
(3, 'D3', 0x31, 7003490, 0, '2014-06-16 14:36:40', '1970-01-01 00:00:00'),
(4, 'D4', 0x31, 7003490, 0, '2014-06-16 14:36:40', '1970-01-01 00:00:00'),
(5, 'K1', 0x31, 7003490, 0, '2014-06-16 14:36:40', '1970-01-01 00:00:00'),
(6, 'K2', 0x31, 7003490, 0, '2014-06-16 14:36:40', '1970-01-01 00:00:00'),
(7, 'K3', 0x31, 7003490, 0, '2014-06-16 14:36:40', '1970-01-01 00:00:00'),
(8, 'L1', 0x31, 7003490, 0, '2014-06-16 14:36:40', '1970-01-01 00:00:00'),
(9, 'L2', 0x31, 7003490, 0, '2014-06-16 14:36:40', '1970-01-01 00:00:00'),
(10, 'L3', 0x31, 7003490, 0, '2014-06-16 14:36:40', '1970-01-01 00:00:00'),
(11, 'V1', 0x31, 7003490, 0, '2014-06-16 14:36:40', '1970-01-01 00:00:00'),
(12, 'V2', 0x31, 7003490, 0, '2014-06-16 14:36:40', '1970-01-01 00:00:00'),
(13, 'V3', 0x31, 7003490, 0, '2014-06-16 14:36:40', '1970-01-01 00:00:00'),
(14, 'V4', 0x31, 7003490, 0, '2014-06-16 14:36:40', '1970-01-01 00:00:00'),
(15, 'C7', 0x31, 7003490, 7003490, '2014-07-23 11:47:22', '2014-07-23 11:47:44');

-- --------------------------------------------------------

--
-- Structure de la table `annuaire_php_param_service`
--

CREATE TABLE `annuaire_php_param_service` (
  `id_Pservice` int(11) NOT NULL,
  `num_ser` int(10) NOT NULL,
  `lib_ser` varchar(200) NOT NULL,
  `responsable_ser` varchar(200) NOT NULL,
  `id_Plocalisation` int(11) NOT NULL,
  `id_Ppole` int(11) NOT NULL,
  `synonyme_ser` varchar(2000) NOT NULL,
  `actif_ser` binary(1) NOT NULL DEFAULT '1',
  `createur_ser` int(10) NOT NULL,
  `modificateur_ser` int(10) NOT NULL,
  `date_crea_ser` datetime NOT NULL,
  `date_modif_ser` datetime NOT NULL
) ENGINE=InnoDB DEFAULT CHARSET=utf8;

--
-- Déchargement des données de la table `annuaire_php_param_service`
--

INSERT INTO `annuaire_php_param_service` (`id_Pservice`, `num_ser`, `lib_ser`, `responsable_ser`, `id_Plocalisation`, `id_Ppole`, `synonyme_ser`, `actif_ser`, `createur_ser`, `modificateur_ser`, `date_crea_ser`, `date_modif_ser`) VALUES
(1, 7940, 'Direction Informatique', 'M LANG Scott', 36, 4, 'direction informatique dsi 0000', 0x31, 7003490, 7003490, '2014-06-16 14:36:40', '2014-07-30 12:02:40'),
(2, 7851, 'Espace plein ciel', 'Mme DANVERS Carol', 2, 5, 'espace plein ciel  0000', 0x31, 7003490, 0, '2014-06-16 14:36:40', '1970-01-01 00:00:00'),
(3, 991, 'Pôle Accueil', 'M WARRIOR Thanos', 3, 6, '', 0x31, 7003490, 0, '2014-06-16 14:36:40', '1970-01-01 00:00:00'),
(4, 7885, 'Achat (Economat)', 'M STARK Howard', 4, 7, '', 0x31, 7003490, 0, '2014-06-16 14:36:40', '1970-01-01 00:00:00'),
(5, 7830, 'Archives', 'M QUILL Peter', 5, 8, '', 0x31, 7003490, 0, '2014-06-16 14:36:40', '1970-01-01 00:00:00'),
(6, 7906, 'Bionettoyage (Intendance)', 'M STRANGE Stephen', 6, 9, '', 0x31, 7003490, 0, '2014-06-16 14:36:40', '1970-01-01 00:00:00'),
(7, 7853, 'Bureau du Personnel Médical', 'M PARKER Peter', 7, 10, '', 0x31, 7003490, 0, '2014-06-16 14:36:40', '1970-01-01 00:00:00'),
(8, 7841, 'Centre de Formation Continue', 'M T\'Challa', 8, 11, '', 0x31, 7003490, 0, '2014-06-16 14:36:40', '1970-01-01 00:00:00'),
(9, 7821, 'Communication', 'Mme VAN DYNE Hope', 9, 12, '', 0x31, 7003490, 0, '2014-06-16 14:36:40', '1970-01-01 00:00:00'),
(10, 7823, 'Coursiers & Vaguemestre', 'M BARNES James', 10, 12, '', 0x31, 7003490, 0, '2014-06-16 14:36:40', '1970-01-01 00:00:00'),
(11, 7552, 'Chirurgie Cardiaque Bloc', 'Pr SITWELL Jasper', 11, 4, 'chirurgie cardiaque bloc 0000 chir cardio', 0x31, 7003490, 0, '2014-06-16 14:36:40', '1970-01-01 00:00:00'),
(12, 7631, 'Dermatologie Consultation', 'Pr PIERCE Alexander', 12, 5, 'dermatologie consultation 0000 dermato consult', 0x31, 7003490, 0, '2014-06-16 14:36:40', '1970-01-01 00:00:00'),
(13, 7271, 'Imagerie Adulte', 'Pr LE DESTRUCTEUR Drax', 13, 6, 'imagerie adulte 0000 radiologie', 0x31, 7003490, 0, '2014-06-16 14:36:40', '1970-01-01 00:00:00'),
(14, 7543, 'Obstétrique Consultation', 'Pr RUMLOW Brock', 14, 7, 'obstétrique consultation 0000  maternité', 0x31, 7003490, 0, '2014-06-16 14:36:40', '1970-01-01 00:00:00'),
(15, 7264, 'Réveil Pédiatrique', 'Pr HOGAN Harold', 15, 8, '', 0x31, 7003490, 0, '2014-06-16 14:36:40', '1970-01-01 00:00:00'),
(16, 8952, 'Pharmacie', 'Dr FOSTER Jane', 16, 9, '', 0x31, 7003490, 0, '2014-06-16 14:36:40', '1970-01-01 00:00:00'),
(17, 8911, 'Magasin Médical', 'Dr JARVIS Edwin', 17, 10, '', 0x31, 7003490, 0, '2014-06-16 14:36:40', '1970-01-01 00:00:00'),
(18, 7324, 'Hématologie Biologique Laboratoire', 'Pr PARKER May', 18, 12, '', 0x31, 7003490, 0, '2014-06-16 14:36:40', '1970-01-01 00:00:00'),
(19, 7663, 'Département de Biothérapie', 'M LEEDS Ned', 19, 12, '', 0x31, 7003490, 0, '2014-06-16 14:36:40', '1970-01-01 00:00:00'),
(20, 7211, 'Anatomie Pathologique Laboratoire', 'Pr LEE Stan', 20, 4, '', 0x31, 7003490, 0, '2014-06-16 14:36:40', '1970-01-01 00:00:00');

-- --------------------------------------------------------

--
-- Structure de la table `annuaire_php_param_ua`
--

CREATE TABLE `annuaire_php_param_ua` (
  `id_Pua` int(11) NOT NULL,
  `num_ua` int(5) NOT NULL,
  `lib_ua` varchar(200) NOT NULL,
  `id_Pug` int(11) NOT NULL,
  `actif_ua` binary(1) NOT NULL DEFAULT '1',
  `createur_ua` int(10) NOT NULL,
  `modificateur_ua` int(10) NOT NULL,
  `date_crea_ua` datetime NOT NULL,
  `date_modif_ua` datetime NOT NULL
) ENGINE=InnoDB DEFAULT CHARSET=utf8;

--
-- Déchargement des données de la table `annuaire_php_param_ua`
--

INSERT INTO `annuaire_php_param_ua` (`id_Pua`, `num_ua`, `lib_ua`, `id_Pug`, `actif_ua`, `createur_ua`, `modificateur_ua`, `date_crea_ua`, `date_modif_ua`) VALUES
(1, 1155, '', 1, 0x31, 7003490, 0, '2014-07-16 16:14:03', '1970-01-01 00:00:00'),
(2, 1113, '', 2, 0x31, 7003490, 0, '2014-07-16 16:14:23', '1970-01-01 00:00:00'),
(3, 1189, '', 3, 0x31, 7003490, 0, '2014-07-16 16:14:38', '1970-01-01 00:00:00'),
(4, 1190, '', 4, 0x31, 7003490, 0, '2014-07-16 16:14:56', '1970-01-01 00:00:00'),
(5, 1084, '', 5, 0x31, 7003490, 0, '2014-07-16 16:15:11', '1970-01-01 00:00:00'),
(6, 1085, '', 6, 0x31, 7003490, 0, '2014-07-16 16:15:36', '1970-01-01 00:00:00'),
(7, 1011, '', 7, 0x31, 7003490, 0, '2014-07-16 16:15:50', '1970-01-01 00:00:00'),
(8, 1013, '', 8, 0x31, 7003490, 0, '2014-07-16 16:16:08', '1970-01-01 00:00:00'),
(9, 6311, '', 9, 0x31, 7003490, 0, '2014-07-16 16:16:26', '1970-01-01 00:00:00'),
(10, 6313, '', 0, 0x31, 7003490, 7003490, '2014-07-16 16:16:43', '2014-07-30 14:12:35'),
(11, 98, 'UA', 4, 0x31, 0, 0, '2014-07-30 13:57:03', '1970-01-01 00:00:00');

-- --------------------------------------------------------

--
-- Structure de la table `annuaire_php_param_ug`
--

CREATE TABLE `annuaire_php_param_ug` (
  `id_Pug` int(11) NOT NULL,
  `num_ug` int(11) NOT NULL,
  `lib_ug` varchar(200) CHARACTER SET ucs2 NOT NULL,
  `id_Pservice` int(11) NOT NULL,
  `actif_ug` binary(1) NOT NULL DEFAULT '1',
  `createur_ug` int(10) NOT NULL,
  `modificateur_ug` int(10) NOT NULL,
  `date_crea_ug` datetime NOT NULL,
  `date_modif_ug` datetime NOT NULL
) ENGINE=InnoDB DEFAULT CHARSET=utf8;

--
-- Déchargement des données de la table `annuaire_php_param_ug`
--

INSERT INTO `annuaire_php_param_ug` (`id_Pug`, `num_ug`, `lib_ug`, `id_Pservice`, `actif_ug`, `createur_ug`, `modificateur_ug`, `date_crea_ug`, `date_modif_ug`) VALUES
(1, 7115, 'HC PED GENERALE HMB', 1, 0x31, 7003490, 0, '2014-07-16 16:07:58', '1970-01-01 00:00:00'),
(2, 7114, 'HC AVAL URGENCES P1', 2, 0x31, 7003490, 0, '2014-07-16 16:08:22', '1970-01-01 00:00:00'),
(3, 7101, 'HOSP PNEUM.ALLER.PRED', 3, 0x31, 7003490, 0, '2014-07-16 16:08:53', '1970-01-01 00:00:00'),
(4, 7631, 'CONSULT DERMATO', 4, 0x31, 7003490, 0, '2014-07-16 16:09:13', '1970-01-01 00:00:00'),
(5, 7362, 'CMR DERMATOLOGIE', 5, 0x31, 7003490, 0, '2014-07-16 16:09:55', '1970-01-01 00:00:00'),
(6, 7633, 'HOSPIT DERMATOLOGIE', 6, 0x31, 7003490, 0, '2014-07-16 16:10:19', '1970-01-01 00:00:00'),
(7, 7301, 'HOSP METABO PED', 7, 0x31, 7003490, 0, '2014-07-16 16:10:52', '1970-01-01 00:00:00'),
(8, 7302, 'HC NEUROLOGIE PED', 8, 0x31, 7003490, 0, '2014-07-16 16:11:22', '1970-01-01 00:00:00'),
(9, 7305, 'HS DIABETO ENDO GYNE', 9, 0x31, 7003490, 0, '2014-07-16 16:11:56', '1970-01-01 00:00:00'),
(10, 7305, 'HS MAL RES CHRO VNI', 10, 0x31, 7003490, 0, '2014-07-16 16:12:24', '1970-01-01 00:00:00'),
(11, 895, 'UD', 22, 0x31, 7003490, 7003490, '2014-07-30 14:29:55', '2014-07-30 14:33:57');

-- --------------------------------------------------------

--
-- Structure de la table `annuaire_php_param_uh`
--

CREATE TABLE `annuaire_php_param_uh` (
  `id_Puh` int(11) NOT NULL,
  `num_uh` int(10) NOT NULL,
  `lib_uh` varchar(100) NOT NULL,
  `id_Pua` int(11) NOT NULL,
  `actif_uh` binary(1) NOT NULL DEFAULT '1',
  `createur_uh` int(10) NOT NULL,
  `modificateur_uh` int(10) NOT NULL,
  `date_crea_uh` datetime NOT NULL,
  `date_modif_uh` datetime NOT NULL
) ENGINE=InnoDB DEFAULT CHARSET=utf8;

--
-- Déchargement des données de la table `annuaire_php_param_uh`
--

INSERT INTO `annuaire_php_param_uh` (`id_Puh`, `num_uh`, `lib_uh`, `id_Pua`, `actif_uh`, `createur_uh`, `modificateur_uh`, `date_crea_uh`, `date_modif_uh`) VALUES
(1, 181, 'HC MED SPE PEDIATRIE GENERALE H2', 1, 0x31, 7003490, 0, '2014-07-16 16:23:24', '1970-01-01 00:00:00'),
(2, 568, 'HC MED SPE AVAL URGENCES PG L0H', 2, 0x31, 7003490, 0, '2014-07-16 16:24:04', '1970-01-01 00:00:00'),
(3, 290, 'HC SPE COUT PNEUMO ALLERGO L3D', 3, 0x31, 7003490, 0, '2014-07-16 16:24:44', '1970-01-01 00:00:00'),
(4, 496, 'CS AL DE PROST DERMATOLOGIE N2', 4, 0x31, 7003490, 0, '2014-07-16 16:26:00', '1970-01-01 00:00:00'),
(5, 677, 'CS DERMATOLOGIE N2', 5, 0x31, 7003490, 0, '2014-07-16 16:26:51', '1970-01-01 00:00:00'),
(6, 287, 'HC MED SPE METABOLISME H7', 6, 0x31, 7003490, 0, '2014-07-16 16:27:29', '1970-01-01 00:00:00'),
(7, 33, 'HC MED SPE NEUROLOGIE H7', 7, 0x31, 7003490, 0, '2014-07-16 16:27:52', '1970-01-01 00:00:00'),
(8, 11, 'CS GENETIQUE HOSPITALISES LAV1', 8, 0x31, 7003490, 0, '2014-07-16 16:28:26', '1970-01-01 00:00:00'),
(9, 858, 'CS CMR MALO H0B', 9, 0x31, 7003490, 0, '2014-07-16 16:28:54', '1970-01-01 00:00:00'),
(10, 47, 'HJ2 DIABETOLOGIE D1', 10, 0x31, 7003490, 0, '2014-07-16 16:29:20', '1970-01-01 00:00:00');

--
-- Index pour les tables déchargées
--

--
-- Index pour la table `annuaire_php_admin_log`
--
ALTER TABLE `annuaire_php_admin_log`
  ADD PRIMARY KEY (`id_Alog`);

--
-- Index pour la table `annuaire_php_admin_logcx`
--
ALTER TABLE `annuaire_php_admin_logcx`
  ADD PRIMARY KEY (`id_logCx`);

--
-- Index pour la table `annuaire_php_admin_user`
--
ALTER TABLE `annuaire_php_admin_user`
  ADD PRIMARY KEY (`id_Auser`);

--
-- Index pour la table `annuaire_php_exploit_abonne`
--
ALTER TABLE `annuaire_php_exploit_abonne`
  ADD PRIMARY KEY (`id_Eabonne`);

--
-- Index pour la table `annuaire_php_exploit_numero`
--
ALTER TABLE `annuaire_php_exploit_numero`
  ADD PRIMARY KEY (`id_Enumero`);

--
-- Index pour la table `annuaire_php_exploit_service`
--
ALTER TABLE `annuaire_php_exploit_service`
  ADD PRIMARY KEY (`id_Eservice`);

--
-- Index pour la table `annuaire_php_param_batiment`
--
ALTER TABLE `annuaire_php_param_batiment`
  ADD PRIMARY KEY (`id_Pbatiment`);

--
-- Index pour la table `annuaire_php_param_civilite`
--
ALTER TABLE `annuaire_php_param_civilite`
  ADD PRIMARY KEY (`id_Pcivilite`);

--
-- Index pour la table `annuaire_php_param_communication`
--
ALTER TABLE `annuaire_php_param_communication`
  ADD PRIMARY KEY (`id_Pcommunication`);

--
-- Index pour la table `annuaire_php_param_etage`
--
ALTER TABLE `annuaire_php_param_etage`
  ADD PRIMARY KEY (`id_Petage`);

--
-- Index pour la table `annuaire_php_param_fonction`
--
ALTER TABLE `annuaire_php_param_fonction`
  ADD PRIMARY KEY (`id_Pfonction`);

--
-- Index pour la table `annuaire_php_param_localisation`
--
ALTER TABLE `annuaire_php_param_localisation`
  ADD PRIMARY KEY (`id_Plocalisation`);

--
-- Index pour la table `annuaire_php_param_moteur_recherche`
--
ALTER TABLE `annuaire_php_param_moteur_recherche`
  ADD PRIMARY KEY (`id_Pmoteur_rch`);

--
-- Index pour la table `annuaire_php_param_pole`
--
ALTER TABLE `annuaire_php_param_pole`
  ADD PRIMARY KEY (`id_Ppole`);

--
-- Index pour la table `annuaire_php_param_porte`
--
ALTER TABLE `annuaire_php_param_porte`
  ADD PRIMARY KEY (`id_Pporte`);

--
-- Index pour la table `annuaire_php_param_service`
--
ALTER TABLE `annuaire_php_param_service`
  ADD PRIMARY KEY (`id_Pservice`);

--
-- Index pour la table `annuaire_php_param_ua`
--
ALTER TABLE `annuaire_php_param_ua`
  ADD PRIMARY KEY (`id_Pua`);

--
-- Index pour la table `annuaire_php_param_ug`
--
ALTER TABLE `annuaire_php_param_ug`
  ADD PRIMARY KEY (`id_Pug`);

--
-- Index pour la table `annuaire_php_param_uh`
--
ALTER TABLE `annuaire_php_param_uh`
  ADD PRIMARY KEY (`id_Puh`);

--
-- AUTO_INCREMENT pour les tables déchargées
--

--
-- AUTO_INCREMENT pour la table `annuaire_php_admin_log`
--
ALTER TABLE `annuaire_php_admin_log`
  MODIFY `id_Alog` int(11) NOT NULL AUTO_INCREMENT;

--
-- AUTO_INCREMENT pour la table `annuaire_php_admin_logcx`
--
ALTER TABLE `annuaire_php_admin_logcx`
  MODIFY `id_logCx` int(11) NOT NULL AUTO_INCREMENT;

--
-- AUTO_INCREMENT pour la table `annuaire_php_admin_user`
--
ALTER TABLE `annuaire_php_admin_user`
  MODIFY `id_Auser` int(11) NOT NULL AUTO_INCREMENT, AUTO_INCREMENT=2;

--
-- AUTO_INCREMENT pour la table `annuaire_php_exploit_abonne`
--
ALTER TABLE `annuaire_php_exploit_abonne`
  MODIFY `id_Eabonne` int(11) NOT NULL AUTO_INCREMENT, AUTO_INCREMENT=72;

--
-- AUTO_INCREMENT pour la table `annuaire_php_exploit_numero`
--
ALTER TABLE `annuaire_php_exploit_numero`
  MODIFY `id_Enumero` int(11) NOT NULL AUTO_INCREMENT, AUTO_INCREMENT=56;

--
-- AUTO_INCREMENT pour la table `annuaire_php_exploit_service`
--
ALTER TABLE `annuaire_php_exploit_service`
  MODIFY `id_Eservice` int(11) NOT NULL AUTO_INCREMENT, AUTO_INCREMENT=57;

--
-- AUTO_INCREMENT pour la table `annuaire_php_param_batiment`
--
ALTER TABLE `annuaire_php_param_batiment`
  MODIFY `id_Pbatiment` int(11) NOT NULL AUTO_INCREMENT, AUTO_INCREMENT=18;

--
-- AUTO_INCREMENT pour la table `annuaire_php_param_civilite`
--
ALTER TABLE `annuaire_php_param_civilite`
  MODIFY `id_Pcivilite` int(11) NOT NULL AUTO_INCREMENT, AUTO_INCREMENT=5;

--
-- AUTO_INCREMENT pour la table `annuaire_php_param_communication`
--
ALTER TABLE `annuaire_php_param_communication`
  MODIFY `id_Pcommunication` int(11) NOT NULL AUTO_INCREMENT, AUTO_INCREMENT=12;

--
-- AUTO_INCREMENT pour la table `annuaire_php_param_etage`
--
ALTER TABLE `annuaire_php_param_etage`
  MODIFY `id_Petage` int(11) NOT NULL AUTO_INCREMENT, AUTO_INCREMENT=12;

--
-- AUTO_INCREMENT pour la table `annuaire_php_param_fonction`
--
ALTER TABLE `annuaire_php_param_fonction`
  MODIFY `id_Pfonction` int(11) NOT NULL AUTO_INCREMENT, AUTO_INCREMENT=21;

--
-- AUTO_INCREMENT pour la table `annuaire_php_param_localisation`
--
ALTER TABLE `annuaire_php_param_localisation`
  MODIFY `id_Plocalisation` int(11) NOT NULL AUTO_INCREMENT, AUTO_INCREMENT=37;

--
-- AUTO_INCREMENT pour la table `annuaire_php_param_moteur_recherche`
--
ALTER TABLE `annuaire_php_param_moteur_recherche`
  MODIFY `id_Pmoteur_rch` int(11) NOT NULL AUTO_INCREMENT;

--
-- AUTO_INCREMENT pour la table `annuaire_php_param_pole`
--
ALTER TABLE `annuaire_php_param_pole`
  MODIFY `id_Ppole` int(11) NOT NULL AUTO_INCREMENT, AUTO_INCREMENT=13;

--
-- AUTO_INCREMENT pour la table `annuaire_php_param_porte`
--
ALTER TABLE `annuaire_php_param_porte`
  MODIFY `id_Pporte` int(11) NOT NULL AUTO_INCREMENT, AUTO_INCREMENT=16;

--
-- AUTO_INCREMENT pour la table `annuaire_php_param_service`
--
ALTER TABLE `annuaire_php_param_service`
  MODIFY `id_Pservice` int(11) NOT NULL AUTO_INCREMENT, AUTO_INCREMENT=21;

--
-- AUTO_INCREMENT pour la table `annuaire_php_param_ua`
--
ALTER TABLE `annuaire_php_param_ua`
  MODIFY `id_Pua` int(11) NOT NULL AUTO_INCREMENT, AUTO_INCREMENT=12;

--
-- AUTO_INCREMENT pour la table `annuaire_php_param_ug`
--
ALTER TABLE `annuaire_php_param_ug`
  MODIFY `id_Pug` int(11) NOT NULL AUTO_INCREMENT, AUTO_INCREMENT=12;

--
-- AUTO_INCREMENT pour la table `annuaire_php_param_uh`
--
ALTER TABLE `annuaire_php_param_uh`
  MODIFY `id_Puh` int(11) NOT NULL AUTO_INCREMENT, AUTO_INCREMENT=11;
COMMIT;

/*!40101 SET CHARACTER_SET_CLIENT=@OLD_CHARACTER_SET_CLIENT */;
/*!40101 SET CHARACTER_SET_RESULTS=@OLD_CHARACTER_SET_RESULTS */;
/*!40101 SET COLLATION_CONNECTION=@OLD_COLLATION_CONNECTION */;
